compound_id,success,message
DEC_4391,True,OK
DEC_1747,True,OK
DEC_2029,True,OK
DEC_3885,True,OK
DEC_1554,True,OK
DEC_0623,True,OK
DEC_0374,True,OK
DEC_1830,True,OK
DEC_1282,True,OK
DEC_3778,True,OK
DEC_2770,True,OK
DEC_0788,True,OK
DEC_3248,True,OK
ACT_043,True,OK
DEC_2792,True,OK
DEC_3928,True,OK
DEC_3485,True,OK
DEC_2499,True,OK
DEC_0922,True,OK
DEC_3820,True,OK
DEC_1455,True,OK
DEC_4071,True,OK
DEC_2795,True,OK
DEC_2218,True,OK
DEC_0850,True,OK
DEC_2293,True,OK
DEC_4372,True,OK
DEC_0336,True,OK
DEC_3578,True,OK
DEC_2460,True,OK
DEC_0676,True,OK
DEC_3757,True,OK
DEC_3545,True,OK
DEC_3830,True,OK
DEC_4543,True,OK
DEC_2352,True,OK
DEC_1007,True,OK
DEC_2813,True,OK
DEC_2085,True,OK
ACT_048,False,Empty PDBQT
DEC_2994,True,OK
DEC_4474,True,OK
DEC_0319,True,OK
DEC_0920,False,Timeout
DEC_3713,True,OK
DEC_1178,True,OK
DEC_2682,True,OK
DEC_1657,True,OK
DEC_3589,True,OK
DEC_0126,True,OK
DEC_0318,True,OK
DEC_2168,True,OK
DEC_1513,True,OK
DEC_2919,True,OK
DEC_2737,True,OK
DEC_2786,True,OK
DEC_4176,True,OK
DEC_1499,True,OK
DEC_2482,True,OK
DEC_0169,True,OK
DEC_1323,True,OK
DEC_0651,True,OK
DEC_3705,True,OK
DEC_1601,True,OK
DEC_4494,True,OK
DEC_0864,True,OK
DEC_4715,True,OK
DEC_3488,True,OK
DEC_4454,True,OK
DEC_1151,True,OK
DEC_3220,True,OK
DEC_4763,True,OK
DEC_4168,True,OK
DEC_2004,True,OK
DEC_1563,True,OK
DEC_1336,True,OK
DEC_0434,True,OK
DEC_4684,True,OK
DEC_0002,True,OK
DEC_2864,True,OK
DEC_1660,True,OK
DEC_1437,True,OK
ACT_041,True,OK
DEC_3561,True,OK
ACT_009,True,OK
DEC_2736,True,OK
DEC_1853,True,OK
DEC_3907,True,OK
DEC_3070,True,OK
DEC_4482,True,OK
DEC_2966,True,OK
DEC_2842,True,OK
DEC_2555,True,OK
DEC_4064,True,OK
DEC_1781,True,OK
DEC_3288,True,OK
DEC_1016,True,OK
ACT_079,True,OK
DEC_3495,True,OK
DEC_3886,True,OK
DEC_2197,True,OK
DEC_4006,True,OK
DEC_1069,True,OK
DEC_0020,True,OK
DEC_1088,True,OK
DEC_0018,True,OK
DEC_1944,True,OK
DEC_0844,True,OK
DEC_0444,True,OK
DEC_2229,True,OK
DEC_1981,True,OK
DEC_2870,True,OK
DEC_0643,True,OK
DEC_3612,True,OK
DEC_1425,True,OK
DEC_2558,True,OK
DEC_0815,True,OK
DEC_1394,True,OK
DEC_1350,True,OK
DEC_1688,True,OK
DEC_1833,True,OK
DEC_4428,True,OK
DEC_2878,True,OK
DEC_4225,True,OK
DEC_2816,True,OK
DEC_4594,True,OK
DEC_0674,True,OK
DEC_1494,True,OK
DEC_1451,True,OK
DEC_0044,True,OK
DEC_2675,True,OK
DEC_3341,True,OK
DEC_0694,True,OK
DEC_0932,True,OK
DEC_0164,True,OK
DEC_1995,True,OK
DEC_1098,True,OK
DEC_2056,True,OK
DEC_3107,True,OK
DEC_2797,True,OK
DEC_4673,True,OK
DEC_3135,True,OK
DEC_2780,True,OK
DEC_3718,True,OK
DEC_1250,True,OK
DEC_3089,True,OK
DEC_1953,False,Timeout
DEC_0913,True,OK
DEC_0221,True,OK
ACT_045,True,OK
DEC_3702,True,OK
DEC_1997,True,OK
DEC_1488,True,OK
DEC_1099,True,OK
DEC_1614,True,OK
DEC_2122,True,OK
DEC_4497,True,OK
DEC_3409,True,OK
DEC_3368,True,OK
DEC_4528,True,OK
DEC_3933,True,OK
DEC_1670,True,OK
DEC_1497,True,OK
DEC_4076,True,OK
DEC_0047,True,OK
DEC_2969,True,OK
DEC_4649,True,OK
DEC_0331,True,OK
DEC_0754,True,OK
DEC_2141,True,OK
DEC_2982,True,OK
DEC_1643,True,OK
DEC_3984,True,OK
DEC_1440,True,OK
DEC_2514,True,OK
DEC_2750,True,OK
DEC_1753,True,OK
DEC_4394,True,OK
DEC_0005,True,OK
DEC_4655,True,OK
DEC_3403,True,OK
DEC_1586,True,OK
DEC_2248,True,OK
DEC_2416,True,OK
DEC_1175,True,OK
DEC_1194,True,OK
DEC_2977,True,OK
DEC_2165,True,OK
DEC_0122,True,OK
DEC_1679,True,OK
DEC_3733,True,OK
DEC_4203,True,OK
DEC_0902,True,OK
DEC_2621,True,OK
DEC_3019,True,OK
DEC_2970,True,OK
DEC_0659,True,OK
DEC_2894,True,OK
DEC_2791,True,OK
DEC_2524,True,OK
DEC_0658,True,OK
DEC_3297,True,OK
DEC_4317,True,OK
DEC_0472,True,OK
DEC_1062,True,OK
DEC_0206,True,OK
DEC_4069,True,OK
DEC_0794,True,OK
DEC_1504,True,OK
DEC_2739,True,OK
DEC_2983,True,OK
DEC_0975,True,OK
DEC_4165,True,OK
DEC_4111,True,OK
DEC_1334,True,OK
DEC_1916,True,OK
DEC_1994,True,OK
DEC_0195,True,OK
DEC_1736,True,OK
DEC_0755,True,OK
DEC_4375,True,OK
DEC_0725,True,OK
DEC_3537,True,OK
DEC_3715,True,OK
DEC_0930,True,OK
DEC_0289,True,OK
DEC_0068,True,OK
DEC_1237,True,OK
DEC_1845,True,OK
DEC_4309,True,OK
DEC_2697,True,OK
DEC_4421,True,OK
DEC_0970,True,OK
DEC_3600,True,OK
DEC_1367,True,OK
DEC_0776,True,OK
DEC_3385,True,OK
DEC_0758,True,OK
DEC_2822,True,OK
DEC_2388,True,OK
DEC_0909,True,OK
DEC_2576,True,OK
DEC_2872,True,OK
DEC_4265,True,OK
DEC_3967,True,OK
DEC_0617,True,OK
DEC_2222,True,OK
DEC_4493,True,OK
DEC_3223,True,OK
DEC_3408,True,OK
DEC_1565,True,OK
DEC_4672,True,OK
DEC_1677,True,OK
DEC_2340,True,OK
DEC_0980,True,OK
DEC_3105,True,OK
DEC_0184,True,OK
DEC_0197,True,OK
DEC_3981,True,OK
DEC_1259,True,OK
DEC_3732,True,OK
DEC_4530,True,OK
DEC_0222,True,OK
DEC_3093,True,OK
DEC_0238,True,OK
DEC_4172,True,OK
DEC_2359,True,OK
DEC_1290,True,OK
DEC_2269,True,OK
DEC_1268,True,OK
DEC_4108,True,OK
DEC_4667,True,OK
DEC_2852,True,OK
DEC_3987,True,OK
DEC_2824,True,OK
DEC_0194,True,OK
DEC_0332,True,OK
DEC_1306,True,OK
DEC_4555,True,OK
DEC_4369,True,OK
DEC_2596,True,OK
DEC_2539,True,OK
DEC_1213,True,OK
DEC_1501,True,OK
DEC_2363,True,OK
DEC_0446,True,OK
DEC_4452,True,OK
ACT_008,True,OK
DEC_0328,True,OK
DEC_4619,True,OK
DEC_2114,True,OK
DEC_1276,True,OK
DEC_4155,True,OK
DEC_0097,True,OK
DEC_4019,True,OK
DEC_2140,True,OK
DEC_3201,True,OK
DEC_0878,True,OK
DEC_3918,True,OK
DEC_2703,True,OK
DEC_4641,True,OK
DEC_3956,True,OK
DEC_1144,True,OK
DEC_4358,True,OK
DEC_0918,True,OK
DEC_0627,True,OK
DEC_2641,True,OK
DEC_4028,True,OK
DEC_4007,True,OK
DEC_0302,True,OK
DEC_2636,True,OK
DEC_0452,True,OK
DEC_2519,True,OK
DEC_3112,True,OK
ACT_042,True,OK
DEC_3351,True,OK
DEC_2322,True,OK
ACT_074,True,OK
DEC_4163,True,OK
DEC_4119,True,OK
DEC_1889,True,OK
DEC_3132,True,OK
DEC_0483,True,OK
DEC_1952,True,OK
DEC_2424,True,OK
DEC_1589,True,OK
DEC_2175,True,OK
DEC_4274,True,OK
DEC_2598,True,OK
DEC_0990,True,OK
ACT_062,True,OK
DEC_0157,True,OK
DEC_1223,True,OK
DEC_4441,True,OK
ACT_037,True,OK
DEC_4398,True,OK
DEC_0198,True,OK
DEC_3117,True,OK
DEC_1295,True,OK
DEC_3786,True,OK
DEC_3419,True,OK
DEC_3280,True,OK
DEC_2946,True,OK
DEC_0350,True,OK
DEC_1888,True,OK
DEC_0496,True,OK
DEC_1516,True,OK
DEC_3995,True,OK
DEC_3541,True,OK
DEC_4222,True,OK
DEC_1139,True,OK
DEC_1674,True,OK
DEC_0277,True,OK
DEC_1009,True,OK
DEC_3405,True,OK
DEC_3686,True,OK
DEC_3494,True,OK
DEC_3111,True,OK
DEC_0856,True,OK
DEC_3330,True,OK
ACT_066,True,OK
DEC_2281,True,OK
DEC_3003,True,OK
DEC_3074,True,OK
DEC_3880,True,OK
DEC_1362,True,OK
DEC_0966,True,OK
DEC_2052,True,OK
DEC_3291,True,OK
DEC_1095,True,OK
DEC_1761,True,OK
DEC_1453,True,OK
DEC_4540,True,OK
DEC_1176,True,OK
DEC_2411,True,OK
DEC_0252,True,OK
DEC_4113,True,OK
DEC_3037,True,OK
DEC_0272,True,OK
DEC_1559,True,OK
ACT_098,True,OK
DEC_3876,True,OK
DEC_1230,True,OK
DEC_1035,True,OK
ACT_019,True,OK
DEC_2149,True,OK
DEC_1973,True,OK
DEC_2299,True,OK
DEC_0661,True,OK
DEC_3402,True,OK
DEC_0520,True,OK
DEC_2440,True,OK
DEC_1799,True,OK
DEC_3020,False,Empty PDBQT
DEC_3959,True,OK
ACT_072,True,OK
DEC_0863,True,OK
DEC_0809,True,OK
DEC_2247,True,OK
DEC_1798,True,OK
DEC_4701,True,OK
DEC_4256,True,OK
DEC_2134,True,OK
DEC_2071,True,OK
DEC_0503,True,OK
DEC_2954,True,OK
ACT_097,True,OK
DEC_4237,True,OK
DEC_4689,True,OK
DEC_0550,True,OK
DEC_4193,True,OK
DEC_1619,True,OK
DEC_0971,True,OK
DEC_0747,True,OK
DEC_0502,True,OK
DEC_1039,True,OK
DEC_2635,True,OK
DEC_2729,True,OK
DEC_3656,True,OK
DEC_2805,True,OK
DEC_1820,True,OK
DEC_3166,True,OK
DEC_1703,True,OK
DEC_0803,True,OK
DEC_2667,True,OK
DEC_1400,True,OK
DEC_1774,True,OK
DEC_3815,True,OK
DEC_3853,True,OK
DEC_3361,True,OK
DEC_0585,True,OK
ACT_053,True,OK
DEC_1927,True,OK
DEC_3894,True,OK
DEC_3556,True,OK
DEC_0323,True,OK
DEC_0167,True,OK
DEC_2498,True,OK
DEC_0543,True,OK
DEC_4609,True,OK
DEC_3060,True,OK
DEC_1676,True,OK
DEC_3613,True,OK
DEC_4682,True,OK
DEC_3203,True,OK
DEC_3588,True,OK
DEC_2031,True,OK
DEC_2296,True,OK
DEC_0830,True,OK
DEC_0792,True,OK
DEC_0265,True,OK
DEC_2967,True,OK
DEC_0601,True,OK
DEC_0212,True,OK
DEC_1375,True,OK
DEC_3375,True,OK
DEC_2341,True,OK
DEC_1029,True,OK
DEC_3828,True,OK
ACT_089,True,OK
DEC_1160,True,OK
DEC_2712,True,OK
DEC_2574,True,OK
DEC_3924,False,Timeout
DEC_3317,False,Timeout
DEC_1124,True,OK
DEC_3854,True,OK
DEC_3376,True,OK
DEC_1779,True,OK
DEC_1769,True,OK
DEC_4014,True,OK
DEC_4484,True,OK
DEC_1192,True,OK
DEC_4331,True,OK
DEC_1269,True,OK
DEC_2093,True,OK
DEC_3802,True,OK
DEC_1480,True,OK
DEC_2490,True,OK
DEC_1426,True,OK
DEC_2891,True,OK
DEC_1435,True,OK
DEC_0584,True,OK
DEC_2961,True,OK
DEC_2258,True,OK
DEC_4600,True,OK
DEC_4103,True,OK
DEC_3418,True,OK
DEC_4615,True,OK
DEC_1992,True,OK
DEC_0959,True,OK
DEC_1858,True,OK
DEC_2673,True,OK
DEC_1913,True,OK
DEC_3873,True,OK
DEC_0612,True,OK
DEC_1481,True,OK
DEC_2065,True,OK
DEC_4337,True,OK
DEC_0201,True,OK
DEC_0787,True,OK
DEC_2317,True,OK
DEC_3607,True,OK
DEC_0670,True,OK
DEC_4565,True,OK
DEC_0596,True,OK
DEC_0151,True,OK
DEC_0998,True,OK
DEC_2735,True,OK
ACT_016,True,OK
DEC_4050,True,OK
DEC_0928,True,OK
DEC_1438,True,OK
DEC_2659,True,OK
DEC_4356,True,OK
DEC_4443,True,OK
DEC_4044,True,OK
DEC_3083,True,OK
DEC_4506,True,OK
DEC_3004,True,OK
DEC_3161,True,OK
DEC_4745,True,OK
DEC_4431,True,OK
DEC_2943,True,OK
DEC_4102,True,OK
DEC_4091,True,OK
DEC_4440,True,OK
DEC_1148,True,OK
DEC_4750,True,OK
DEC_0419,True,OK
DEC_2906,True,OK
DEC_1870,True,OK
DEC_0063,True,OK
DEC_2433,True,OK
DEC_0761,True,OK
DEC_1932,False,Empty PDBQT
DEC_3492,True,OK
DEC_0834,True,OK
DEC_2404,True,OK
DEC_3084,True,OK
DEC_1576,True,OK
DEC_1543,True,OK
DEC_1537,True,OK
DEC_4202,True,OK
DEC_0459,True,OK
DEC_4360,True,OK
DEC_0354,True,OK
DEC_4362,True,OK
DEC_2734,True,OK
DEC_2691,True,OK
DEC_0942,True,OK
DEC_0404,True,OK
DEC_1296,True,OK
DEC_1549,True,OK
DEC_1908,False,Timeout
DEC_4665,True,OK
DEC_0630,True,OK
DEC_2723,True,OK
DEC_1654,True,OK
DEC_0616,True,OK
DEC_0593,True,OK
DEC_4322,True,OK
DEC_0605,True,OK
DEC_0816,True,OK
ACT_040,True,OK
DEC_3963,True,OK
DEC_3742,True,OK
DEC_0313,True,OK
DEC_0494,True,OK
DEC_2913,True,OK
DEC_1726,True,OK
DEC_0977,True,OK
DEC_2043,True,OK
DEC_3559,True,OK
DEC_1464,True,OK
DEC_1006,True,OK
DEC_0540,True,OK
DEC_3326,True,OK
DEC_2280,True,OK
DEC_0700,True,OK
DEC_3286,True,OK
DEC_0009,True,OK
DEC_3120,True,OK
DEC_4759,True,OK
DEC_3232,True,OK
DEC_1005,True,OK
DEC_2173,True,OK
DEC_2862,True,OK
DEC_1599,True,OK
DEC_1063,True,OK
DEC_2437,True,OK
DEC_0370,True,OK
DEC_0940,True,OK
DEC_3817,True,OK
DEC_2989,True,OK
DEC_4567,True,OK
DEC_3350,True,OK
DEC_1645,True,OK
DEC_2152,True,OK
DEC_2706,True,OK
DEC_1955,True,OK
DEC_1628,True,OK
DEC_0165,True,OK
DEC_3448,True,OK
DEC_3052,True,OK
DEC_0346,True,OK
DEC_4115,True,OK
DEC_3250,True,OK
DEC_0896,False,Timeout
DEC_2812,True,OK
DEC_0098,True,OK
DEC_3678,True,OK
DEC_4259,True,OK
DEC_2918,True,OK
DEC_1951,True,OK
DEC_3228,True,OK
DEC_3859,True,OK
DEC_3875,True,OK
DEC_2869,True,OK
DEC_2686,True,OK
DEC_1871,True,OK
DEC_2617,True,OK
DEC_4129,True,OK
ACT_081,True,OK
DEC_3767,True,OK
DEC_1347,True,OK
DEC_1623,True,OK
DEC_0737,True,OK
DEC_4347,True,OK
DEC_1388,True,OK
DEC_3951,True,OK
DEC_2507,True,OK
DEC_2858,True,OK
DEC_3534,True,OK
DEC_2896,True,OK
DEC_0133,True,OK
DEC_0978,True,OK
DEC_2730,True,OK
DEC_2344,True,OK
DEC_1082,True,OK
DEC_3209,True,OK
DEC_0576,True,OK
DEC_2319,True,OK
DEC_3518,True,OK
DEC_3597,True,OK
DEC_2100,True,OK
DEC_4240,True,OK
DEC_4227,True,OK
DEC_3180,True,OK
DEC_2370,True,OK
DEC_4352,True,OK
DEC_4658,True,OK
DEC_2920,True,OK
DEC_3379,True,OK
DEC_2041,True,OK
DEC_4072,True,OK
DEC_0280,True,OK
DEC_0090,True,OK
DEC_2535,True,OK
DEC_1911,True,OK
DEC_0558,True,OK
DEC_2119,True,OK
DEC_2897,True,OK
DEC_2546,True,OK
DEC_2649,True,OK
DEC_0308,True,OK
DEC_3868,True,OK
DEC_1240,True,OK
DEC_1714,True,OK
DEC_2793,True,OK
DEC_1731,True,OK
DEC_1540,True,OK
DEC_0624,True,OK
DEC_3076,True,OK
DEC_0958,True,OK
DEC_2530,True,OK
DEC_2275,True,OK
DEC_3704,True,OK
DEC_1538,True,OK
DEC_0541,True,OK
DEC_2988,True,OK
DEC_0992,True,OK
DEC_3807,True,OK
DEC_3834,True,OK
DEC_4335,True,OK
DEC_3051,True,OK
DEC_4582,True,OK
DEC_2128,True,OK
DEC_2538,True,OK
DEC_4651,True,OK
DEC_0486,True,OK
DEC_0303,True,OK
DEC_4725,True,OK
ACT_099,False,Empty PDBQT
DEC_0675,True,OK
DEC_2400,True,OK
DEC_0189,True,OK
DEC_0577,True,OK
DEC_3869,True,OK
DEC_0454,True,OK
DEC_3934,True,OK
DEC_0320,True,OK
DEC_2971,True,OK
DEC_4556,True,OK
DEC_2483,True,OK
DEC_2931,True,OK
DEC_3373,True,OK
DEC_3605,True,OK
DEC_3634,True,OK
DEC_0522,False,Timeout
DEC_3182,True,OK
DEC_1348,True,OK
DEC_3358,True,OK
DEC_3627,True,OK
DEC_0395,True,OK
DEC_0710,True,OK
DEC_3826,True,OK
DEC_0247,True,OK
DEC_1961,True,OK
DEC_3610,True,OK
DEC_0912,True,OK
DEC_3344,True,OK
DEC_3075,True,OK
DEC_1608,True,OK
DEC_4606,True,OK
DEC_0633,True,OK
DEC_1045,True,OK
DEC_2143,True,OK
DEC_1133,True,OK
DEC_0770,True,OK
DEC_0699,True,OK
DEC_4669,True,OK
DEC_2365,True,OK
DEC_4196,True,OK
DEC_4194,True,OK
DEC_2912,True,OK
DEC_2942,True,OK
DEC_0567,True,OK
DEC_2427,True,OK
DEC_2915,True,OK
DEC_0727,True,OK
DEC_0285,True,OK
DEC_4106,True,OK
DEC_1320,True,OK
DEC_2205,True,OK
DEC_2393,True,OK
DEC_1354,True,OK
DEC_0071,True,OK
DEC_1038,True,OK
DEC_2391,True,OK
DEC_3314,True,OK
ACT_050,True,OK
DEC_2875,True,OK
DEC_1675,True,OK
DEC_0011,True,OK
DEC_4699,True,OK
DEC_0259,True,OK
ACT_070,True,OK
DEC_1387,True,OK
DEC_3962,True,OK
DEC_1562,True,OK
DEC_1299,True,OK
DEC_3433,True,OK
DEC_3771,True,OK
DEC_4355,True,OK
DEC_1449,True,OK
DEC_1544,True,OK
DEC_4626,True,OK
DEC_3693,True,OK
DEC_1067,False,Empty PDBQT
DEC_0976,True,OK
DEC_1130,True,OK
DEC_1523,True,OK
DEC_2232,True,OK
DEC_0144,True,OK
DEC_4432,True,OK
DEC_1048,True,OK
DEC_1052,True,OK
DEC_0045,True,OK
DEC_0885,True,OK
DEC_3976,True,OK
DEC_3029,True,OK
DEC_2755,True,OK
DEC_2580,True,OK
DEC_2577,True,OK
DEC_3085,True,OK
DEC_1056,False,Timeout
DEC_2600,True,OK
DEC_4184,True,OK
DEC_0775,True,OK
DEC_3846,True,OK
DEC_1022,True,OK
DEC_2007,True,OK
DEC_4257,True,OK
DEC_1270,True,OK
DEC_2763,True,OK
DEC_3798,True,OK
DEC_3459,True,OK
DEC_2441,True,OK
DEC_0606,True,OK
DEC_3237,True,OK
DEC_2666,True,OK
DEC_3000,True,OK
DEC_3565,True,OK
DEC_3390,True,OK
DEC_3723,True,OK
DEC_0129,True,OK
DEC_0266,True,OK
DEC_0706,True,OK
DEC_4253,True,OK
DEC_1101,True,OK
DEC_3446,True,OK
DEC_1760,True,OK
DEC_4465,True,OK
DEC_3748,True,OK
DEC_1754,True,OK
DEC_4279,True,OK
DEC_2208,True,OK
DEC_0801,True,OK
DEC_1380,True,OK
DEC_1489,True,OK
DEC_2396,True,OK
DEC_0040,True,OK
DEC_3380,True,OK
DEC_0210,True,OK
DEC_4126,True,OK
DEC_4162,True,OK
DEC_3581,True,OK
DEC_2285,True,OK
DEC_4142,True,OK
DEC_0739,True,OK
DEC_1490,True,OK
DEC_3573,True,OK
DEC_3319,True,OK
DEC_4065,True,OK
DEC_1577,True,OK
DEC_1551,True,OK
DEC_0773,True,OK
DEC_0622,True,OK
DEC_4114,True,OK
DEC_1627,True,OK
DEC_1023,True,OK
DEC_2916,True,OK
DEC_0232,True,OK
DEC_4376,True,OK
DEC_4696,True,OK
DEC_3163,True,OK
DEC_0249,True,OK
DEC_0034,True,OK
DEC_4742,True,OK
DEC_0107,True,OK
DEC_0869,True,OK
DEC_4158,True,OK
ACT_001,True,OK
DEC_0390,True,OK
DEC_4424,True,OK
ACT_021,True,OK
DEC_0797,True,OK
DEC_1734,True,OK
DEC_3546,True,OK
DEC_4671,True,OK
ACT_093,True,OK
DEC_3682,True,OK
DEC_4706,True,OK
DEC_2756,True,OK
DEC_2947,True,OK
DEC_1050,True,OK
DEC_3283,True,OK
DEC_4764,True,OK
DEC_2415,True,OK
DEC_4686,True,OK
DEC_3566,True,OK
DEC_2887,True,OK
DEC_2495,True,OK
DEC_3242,True,OK
DEC_3133,True,OK
DEC_3961,True,OK
DEC_1471,True,OK
DEC_3512,True,OK
DEC_3888,True,OK
DEC_4094,True,OK
DEC_3985,True,OK
DEC_2108,True,OK
DEC_3560,True,OK
DEC_2030,True,OK
DEC_4643,True,OK
DEC_3045,True,OK
DEC_0081,True,OK
DEC_1200,True,OK
DEC_3181,True,OK
DEC_1003,True,OK
DEC_1683,True,OK
DEC_3377,True,OK
DEC_1310,True,OK
DEC_2973,True,OK
DEC_0490,True,OK
DEC_2479,True,OK
DEC_2744,True,OK
DEC_3040,True,OK
DEC_1024,True,OK
DEC_1668,True,OK
DEC_4087,False,Timeout
DEC_3348,True,OK
DEC_2019,True,OK
DEC_4717,True,OK
DEC_0573,True,OK
DEC_3032,True,OK
DEC_3532,True,OK
DEC_0064,True,OK
DEC_0139,True,OK
DEC_1403,True,OK
DEC_2350,True,OK
DEC_3598,True,OK
DEC_2423,True,OK
DEC_0384,True,OK
DEC_4151,True,OK
DEC_1509,True,OK
DEC_2195,True,OK
DEC_3153,True,OK
DEC_1914,True,OK
DEC_0818,True,OK
DEC_0884,True,OK
DEC_3624,True,OK
DEC_4449,True,OK
DEC_3997,True,OK
DEC_1972,True,OK
DEC_0085,True,OK
DEC_4387,True,OK
DEC_3608,True,OK
DEC_4198,True,OK
DEC_0415,True,OK
DEC_2986,True,OK
DEC_0253,True,OK
DEC_2923,True,OK
DEC_4692,True,OK
DEC_1579,True,OK
DEC_3892,True,OK
DEC_4685,True,OK
DEC_0631,True,OK
DEC_2133,True,OK
DEC_4501,True,OK
DEC_4220,True,OK
DEC_0714,True,OK
DEC_4550,True,OK
DEC_3966,True,OK
DEC_4350,True,OK
DEC_4487,True,OK
DEC_4008,True,OK
DEC_2282,True,OK
DEC_2078,True,OK
DEC_3949,True,OK
DEC_4779,True,OK
DEC_1366,True,OK
DEC_1215,True,OK
DEC_0293,True,OK
DEC_1882,True,OK
DEC_0997,True,OK
DEC_3266,True,OK
DEC_3779,True,OK
DEC_1970,True,OK
DEC_1272,True,OK
DEC_1498,True,OK
DEC_2886,True,OK
DEC_4486,True,OK
DEC_2701,True,OK
DEC_0152,True,OK
DEC_4747,True,OK
DEC_1184,True,OK
DEC_4185,True,OK
ACT_036,True,OK
DEC_4201,True,OK
DEC_3799,False,Empty PDBQT
DEC_0357,True,OK
DEC_4620,True,OK
DEC_1631,True,OK
DEC_1648,True,OK
DEC_0831,True,OK
DEC_3272,True,OK
DEC_0263,True,OK
DEC_1885,True,OK
DEC_1609,True,OK
DEC_0600,True,OK
DEC_0292,True,OK
ACT_031,True,OK
DEC_3018,True,OK
DEC_3426,True,OK
DEC_0642,True,OK
DEC_2981,True,OK
DEC_3281,True,OK
DEC_0488,True,OK
DEC_3616,True,OK
DEC_2660,True,OK
ACT_052,True,OK
DEC_0373,True,OK
DEC_3660,True,OK
ACT_044,True,OK
DEC_3239,True,OK
DEC_3688,True,OK
DEC_1812,True,OK
DEC_2435,True,OK
DEC_4047,True,OK
DEC_0989,True,OK
DEC_4726,True,OK
DEC_2105,True,OK
DEC_4081,True,OK
DEC_1584,True,OK
DEC_2429,True,OK
DEC_2297,True,OK
DEC_0103,True,OK
DEC_2410,True,OK
ACT_023,True,OK
DEC_3154,True,OK
DEC_0962,True,OK
DEC_0840,True,OK
DEC_2631,True,OK
DEC_4480,True,OK
DEC_3328,True,OK
ACT_087,True,OK
DEC_4263,True,OK
DEC_0861,True,OK
DEC_3872,True,OK
DEC_1533,True,OK
DEC_3217,True,OK
DEC_4328,True,OK
DEC_4579,True,OK
DEC_4354,True,OK
DEC_2835,True,OK
DEC_0027,True,OK
DEC_1203,True,OK
DEC_3470,True,OK
DEC_1191,True,OK
DEC_3505,True,OK
DEC_3800,True,OK
DEC_4389,True,OK
DEC_2328,True,OK
DEC_4181,True,OK
DEC_4720,True,OK
DEC_2727,True,OK
DEC_0257,True,OK
DEC_3930,True,OK
DEC_1900,True,OK
DEC_4073,True,OK
DEC_2801,True,OK
DEC_2016,True,OK
DEC_2464,True,OK
DEC_1512,True,OK
DEC_3245,True,OK
DEC_4762,True,OK
DEC_2457,True,OK
ACT_083,True,OK
DEC_1709,True,OK
DEC_1074,True,OK
DEC_2193,True,OK
DEC_2740,True,OK
DEC_4695,True,OK
DEC_3999,True,OK
DEC_1778,True,OK
DEC_4450,True,OK
DEC_0326,True,OK
DEC_1298,True,OK
DEC_1962,True,OK
DEC_2005,True,OK
DEC_4520,True,OK
DEC_3439,True,OK
DEC_1814,True,OK
DEC_3191,True,OK
DEC_4141,True,OK
DEC_4513,True,OK
DEC_3925,True,OK
DEC_1691,True,OK
DEC_0316,True,OK
DEC_4124,True,OK
DEC_0379,True,OK
DEC_4504,True,OK
DEC_3313,True,OK
DEC_0552,True,OK
DEC_3978,True,OK
DEC_3898,True,OK
DEC_3298,True,OK
DEC_0435,True,OK
DEC_3583,True,OK
DEC_2211,True,OK
DEC_1284,True,OK
DEC_4638,True,OK
DEC_4656,True,OK
DEC_2264,True,OK
DEC_0708,True,OK
DEC_0174,True,OK
DEC_2506,True,OK
DEC_3465,True,OK
DEC_4512,True,OK
DEC_2254,True,OK
DEC_3654,True,OK
DEC_0746,True,OK
DEC_0965,True,OK
DEC_1518,True,OK
DEC_2156,True,OK
DEC_3863,True,OK
DEC_2796,True,OK
DEC_1322,True,OK
DEC_0023,True,OK
DEC_1413,True,OK
DEC_0760,True,OK
DEC_0388,True,OK
DEC_3764,True,OK
DEC_1179,True,OK
DEC_0113,True,OK
DEC_0530,True,OK
DEC_1671,True,OK
DEC_1245,True,OK
DEC_1091,True,OK
DEC_1236,True,OK
DEC_3911,False,Timeout
DEC_1010,True,OK
DEC_3516,True,OK
DEC_3292,True,OK
DEC_4774,True,OK
DEC_1708,True,OK
DEC_1566,True,OK
DEC_2640,True,OK
DEC_2930,True,OK
DEC_1713,True,OK
DEC_0911,True,OK
DEC_0655,True,OK
DEC_0851,True,OK
DEC_3346,True,OK
DEC_4174,True,OK
DEC_3339,True,OK
DEC_4077,True,OK
DEC_1308,True,OK
DEC_1235,True,OK
DEC_3338,True,OK
DEC_1057,True,OK
DEC_4425,True,OK
DEC_1305,True,OK
DEC_0537,True,OK
DEC_0479,True,OK
DEC_0853,True,OK
DEC_2707,True,OK
DEC_0722,True,OK
DEC_3969,True,OK
DEC_1526,True,OK
DEC_0358,True,OK
DEC_2892,True,OK
DEC_4675,True,OK
DEC_0929,True,OK
DEC_1107,True,OK
DEC_2382,True,OK
DEC_3738,True,OK
DEC_1881,True,OK
DEC_4751,True,OK
DEC_0753,True,OK
DEC_2066,True,OK
DEC_2231,True,OK
DEC_4552,True,OK
DEC_0759,True,OK
DEC_2480,True,OK
ACT_073,True,OK
DEC_2277,True,OK
DEC_2695,True,OK
DEC_4137,True,OK
DEC_2584,True,OK
DEC_2908,True,OK
DEC_1848,True,OK
DEC_1115,True,OK
DEC_1569,True,OK
DEC_1598,True,OK
DEC_1414,True,OK
DEC_3938,True,OK
DEC_4285,True,OK
DEC_4383,True,OK
DEC_3352,True,OK
DEC_0423,True,OK
DEC_3125,True,OK
DEC_3048,True,OK
DEC_1097,True,OK
DEC_4585,True,OK
DEC_2956,True,OK
DEC_0014,True,OK
DEC_4591,True,OK
DEC_1392,True,OK
DEC_3028,True,OK
DEC_4015,True,OK
DEC_3480,True,OK
DEC_2834,True,OK
DEC_2015,True,OK
DEC_0031,True,OK
DEC_2648,True,OK
DEC_0458,True,OK
DEC_3500,True,OK
DEC_0587,True,OK
DEC_1817,True,OK
DEC_2375,True,OK
DEC_3378,True,OK
DEC_1331,True,OK
DEC_3369,True,OK
DEC_4663,True,OK
DEC_0431,True,OK
DEC_0960,True,OK
DEC_2013,True,OK
DEC_3098,True,OK
DEC_3797,True,OK
DEC_2188,True,OK
ACT_024,True,OK
DEC_3447,True,OK
DEC_1751,True,OK
DEC_4768,True,OK
DEC_2634,True,OK
DEC_3285,True,OK
DEC_0013,True,OK
DEC_0829,True,OK
DEC_1558,True,OK
DEC_2090,True,OK
DEC_0077,True,OK
DEC_3301,True,OK
DEC_3257,True,OK
DEC_3751,True,OK
DEC_2192,True,OK
DEC_2130,True,OK
DEC_0036,True,OK
DEC_2758,True,OK
DEC_0701,True,OK
DEC_0570,True,OK
DEC_4418,True,OK
DEC_3152,True,OK
DEC_4445,True,OK
DEC_0948,True,OK
DEC_3633,True,OK
DEC_2948,True,OK
DEC_2754,True,OK
DEC_2618,True,OK
DEC_3116,True,OK
DEC_3914,True,OK
DEC_0999,True,OK
DEC_1258,True,OK
DEC_2987,False,Empty PDBQT
DEC_2726,True,OK
DEC_0751,True,OK
DEC_4340,True,OK
DEC_2080,True,OK
DEC_2859,True,OK
DEC_3695,True,OK
DEC_0024,True,OK
ACT_082,True,OK
DEC_0342,True,OK
DEC_3241,True,OK
ACT_029,True,OK
DEC_1975,True,OK
DEC_4485,True,OK
ACT_035,True,OK
DEC_2746,True,OK
DEC_2221,True,OK
DEC_1468,True,OK
DEC_2623,True,OK
DEC_0649,True,OK
DEC_0762,True,OK
DEC_1065,True,OK
DEC_4743,True,OK
DEC_3511,True,OK
DEC_4577,True,OK
DEC_1721,True,OK
ACT_025,True,OK
DEC_2952,True,OK
DEC_1256,True,OK
DEC_4382,True,OK
DEC_2169,True,OK
DEC_2653,False,Empty PDBQT
DEC_3064,True,OK
DEC_0691,True,OK
DEC_3121,True,OK
DEC_0391,True,OK
DEC_0012,True,OK
DEC_2207,True,OK
DEC_4546,True,OK
DEC_0287,True,OK
DEC_0944,True,OK
DEC_4057,True,OK
DEC_0961,True,OK
DEC_2715,True,OK
DEC_3980,True,OK
ACT_055,True,OK
DEC_4022,True,OK
DEC_1145,True,OK
DEC_2837,True,OK
DEC_4583,True,OK
DEC_4262,True,OK
DEC_1605,True,OK
DEC_2316,True,OK
DEC_2985,True,OK
DEC_0408,True,OK
DEC_4242,True,OK
DEC_1963,True,OK
DEC_4306,True,OK
DEC_2565,True,OK
DEC_4049,True,OK
DEC_3355,False,Empty PDBQT
DEC_3263,True,OK
DEC_1839,True,OK
DEC_0106,False,Timeout
DEC_3391,True,OK
DEC_0345,True,OK
DEC_4186,False,Empty PDBQT
DEC_1357,True,OK
DEC_0744,True,OK
DEC_0211,True,OK
DEC_4037,True,OK
DEC_3657,True,OK
DEC_4608,True,OK
DEC_1699,True,OK
DEC_1867,True,OK
DEC_4260,True,OK
DEC_4531,True,OK
DEC_3206,True,OK
DEC_3411,True,OK
DEC_0041,True,OK
DEC_0193,True,OK
DEC_2083,True,OK
DEC_0173,True,OK
DEC_0684,True,OK
DEC_4005,True,OK
DEC_1854,True,OK
DEC_0653,True,OK
DEC_4558,True,OK
DEC_3783,True,OK
DEC_2800,True,OK
DEC_0083,True,OK
DEC_0685,True,OK
DEC_3881,True,OK
DEC_0046,True,OK
DEC_3810,True,OK
DEC_3453,True,OK
DEC_4159,True,OK
DEC_2145,True,OK
DEC_4268,True,OK
ACT_017,True,OK
DEC_2668,True,OK
DEC_0812,True,OK
DEC_0964,True,OK
DEC_0364,True,OK
DEC_1116,True,OK
DEC_1330,True,OK
DEC_2418,True,OK
DEC_2829,True,OK
DEC_0338,True,OK
ACT_003,True,OK
DEC_0095,True,OK
DEC_3472,True,OK
DEC_1243,True,OK
DEC_1805,True,OK
DEC_4519,True,OK
DEC_4500,True,OK
DEC_2162,True,OK
DEC_0712,True,OK
DEC_2655,True,OK
DEC_2724,True,OK
DEC_4051,True,OK
DEC_0662,True,OK
DEC_2893,True,OK
DEC_3759,True,OK
DEC_1782,True,OK
DEC_1241,True,OK
DEC_3960,True,OK
DEC_2559,True,OK
DEC_4683,True,OK
DEC_3974,True,OK
DEC_4462,True,OK
DEC_0171,True,OK
DEC_2945,True,OK
DEC_1359,True,OK
ACT_002,True,OK
DEC_4063,True,OK
DEC_2184,True,OK
DEC_2044,True,OK
DEC_2212,True,OK
DEC_2549,True,OK
DEC_0842,True,OK
DEC_3151,True,OK
DEC_3216,True,OK
DEC_2475,True,OK
ACT_100,True,OK
DEC_3138,True,OK
DEC_4211,True,OK
DEC_2018,True,OK
DEC_4027,True,OK
DEC_2333,True,OK
DEC_2326,True,OK
DEC_0592,True,OK
DEC_4587,False,Timeout
DEC_0562,True,OK
DEC_1893,True,OK
DEC_3229,True,OK
DEC_3435,True,OK
DEC_4396,True,OK
DEC_4688,True,OK
DEC_0715,True,OK
DEC_4417,True,OK
DEC_2337,True,OK
DEC_0634,True,OK
DEC_1261,True,OK
DEC_1201,True,OK
DEC_4496,True,OK
DEC_4647,True,OK
ACT_006,False,Empty PDBQT
DEC_1092,True,OK
DEC_4205,True,OK
DEC_0900,True,OK
DEC_3734,True,OK
DEC_0656,True,OK
DEC_4756,True,OK
DEC_0956,True,OK
DEC_3811,True,OK
DEC_4128,True,OK
DEC_1644,True,OK
DEC_3157,True,OK
DEC_0826,True,OK
DEC_4723,True,OK
DEC_3927,True,OK
DEC_3007,True,OK
DEC_1735,True,OK
DEC_2354,True,OK
DEC_4479,False,Empty PDBQT
DEC_0192,True,OK
DEC_1433,True,OK
DEC_1667,True,OK
DEC_1285,True,OK
DEC_1376,True,OK
DEC_0560,True,OK
DEC_2151,False,Timeout
DEC_0412,True,OK
DEC_2609,True,OK
DEC_0160,True,OK
DEC_2174,True,OK
DEC_0468,True,OK
DEC_1353,True,OK
DEC_4415,True,OK
DEC_2890,True,OK
DEC_3193,True,OK
DEC_3923,True,OK
DEC_2537,True,OK
DEC_2476,True,OK
DEC_1655,True,OK
DEC_3430,True,OK
DEC_3785,True,OK
DEC_1495,True,OK
DEC_0563,True,OK
DEC_1397,True,OK
DEC_3977,True,OK
DEC_4098,True,OK
DEC_2228,True,OK
DEC_0991,True,OK
DEC_4648,True,OK
DEC_2885,True,OK
DEC_0022,True,OK
DEC_1508,True,OK
DEC_1550,True,OK
DEC_2116,True,OK
DEC_1162,True,OK
DEC_0240,True,OK
DEC_2309,True,OK
DEC_4652,True,OK
DEC_1150,True,OK
DEC_1536,True,OK
DEC_2907,True,OK
DEC_4541,True,OK
DEC_1105,True,OK
DEC_4470,True,OK
DEC_2127,True,OK
DEC_1976,True,OK
DEC_0800,True,OK
DEC_3860,True,OK
DEC_2733,True,OK
DEC_3596,True,OK
DEC_2335,True,OK
DEC_1402,True,OK
DEC_2903,True,OK
DEC_3548,True,OK
DEC_1920,True,OK
DEC_3606,True,OK
DEC_0771,True,OK
DEC_3442,True,OK
DEC_3205,True,OK
DEC_3188,True,OK
DEC_2214,True,OK
DEC_3140,True,OK
DEC_3497,True,OK
DEC_0652,True,OK
DEC_1873,True,OK
DEC_2905,True,OK
DEC_1896,True,OK
DEC_3629,True,OK
DEC_2089,True,OK
DEC_1450,True,OK
DEC_4399,True,OK
DEC_3022,True,OK
DEC_1897,True,OK
DEC_0837,True,OK
DEC_0245,True,OK
DEC_4157,True,OK
DEC_1002,True,OK
DEC_0361,True,OK
DEC_3306,False,Timeout
DEC_1998,True,OK
DEC_4336,True,OK
DEC_0352,True,OK
ACT_064,True,OK
DEC_4605,True,OK
DEC_1904,True,OK
DEC_2097,True,OK
DEC_4150,True,OK
DEC_2876,True,OK
DEC_1355,True,OK
DEC_3141,True,OK
DEC_0908,True,OK
DEC_2386,True,OK
DEC_1641,True,OK
DEC_4705,True,OK
DEC_1238,True,OK
DEC_0936,True,OK
DEC_1051,True,OK
DEC_1842,True,OK
DEC_0300,True,OK
DEC_3071,True,OK
DEC_3993,False,Empty PDBQT
DEC_3939,True,OK
DEC_0636,True,OK
DEC_1831,True,OK
DEC_4177,True,OK
DEC_3496,True,OK
DEC_2329,True,OK
DEC_1770,True,OK
DEC_0188,True,OK
DEC_4414,True,OK
DEC_1696,True,OK
DEC_0242,True,OK
DEC_3816,True,OK
DEC_0255,True,OK
DEC_1923,True,OK
DEC_1452,True,OK
DEC_4460,True,OK
DEC_1202,True,OK
DEC_3431,True,OK
DEC_3679,True,OK
DEC_1630,True,OK
DEC_0686,True,OK
DEC_4664,True,OK
DEC_4208,True,OK
DEC_4429,True,OK
DEC_4503,True,OK
DEC_1477,True,OK
DEC_3177,True,OK
DEC_0190,True,OK
DEC_1321,True,OK
DEC_4053,True,OK
DEC_4690,True,OK
DEC_0140,True,OK
DEC_3323,True,OK
DEC_4011,True,OK
DEC_0142,True,OK
DEC_1479,True,OK
DEC_3864,True,OK
DEC_1277,True,OK
DEC_1887,True,OK
DEC_3831,True,OK
DEC_1159,True,OK
DEC_0510,True,OK
DEC_2467,True,OK
DEC_2938,True,OK
DEC_2606,True,OK
DEC_1165,True,OK
DEC_2651,True,OK
DEC_2383,True,OK
DEC_4772,True,OK
DEC_3568,True,OK
DEC_2310,True,OK
DEC_1993,True,OK
DEC_4258,True,OK
DEC_0696,True,OK
DEC_1757,True,OK
DEC_0542,True,OK
DEC_1209,True,OK
DEC_0981,True,OK
DEC_2095,True,OK
DEC_4085,True,OK
DEC_0438,True,OK
DEC_3711,True,OK
DEC_3415,True,OK
DEC_3926,True,OK
DEC_1672,True,OK
DEC_0650,True,OK
DEC_4702,True,OK
DEC_1996,True,OK
DEC_0109,True,OK
DEC_2442,True,OK
DEC_0029,True,OK
DEC_3063,True,OK
DEC_2602,True,OK
DEC_0471,True,OK
DEC_3765,True,OK
DEC_2260,True,OK
DEC_2773,True,OK
ACT_010,True,OK
DEC_1847,True,OK
DEC_0780,True,OK
DEC_3340,True,OK
DEC_4623,True,OK
DEC_0305,True,OK
DEC_2921,True,OK
DEC_3055,True,OK
ACT_060,True,OK
DEC_2367,True,OK
DEC_4180,True,OK
DEC_2194,True,OK
DEC_2006,True,OK
DEC_3316,True,OK
DEC_0278,True,OK
DEC_4510,True,OK
DEC_0730,True,OK
DEC_3931,True,OK
DEC_0847,True,OK
DEC_4298,True,OK
DEC_1047,True,OK
DEC_0578,True,OK
DEC_3322,True,OK
DEC_3770,True,OK
DEC_0258,True,OK
DEC_0957,True,OK
DEC_2324,True,OK
DEC_4095,True,OK
DEC_4169,True,OK
DEC_3837,True,OK
DEC_2051,True,OK
DEC_1228,True,OK
DEC_1553,True,OK
DEC_2216,True,OK
DEC_4138,True,OK
DEC_1356,False,Timeout
ACT_092,True,OK
DEC_1925,True,OK
DEC_3549,True,OK
DEC_1681,True,OK
DEC_4617,True,OK
DEC_1327,True,OK
DEC_4674,True,OK
DEC_4326,True,OK
DEC_2820,True,OK
DEC_0876,True,OK
DEC_1555,True,OK
DEC_0890,True,OK
DEC_2881,True,OK
DEC_3030,True,OK
DEC_1755,True,OK
DEC_2381,True,OK
DEC_0603,True,OK
DEC_0539,True,OK
DEC_2624,True,OK
DEC_0191,True,OK
DEC_1396,True,OK
DEC_4232,True,OK
DEC_4537,True,OK
DEC_0752,True,OK
DEC_2374,True,OK
DEC_4209,True,OK
DEC_4099,True,OK
ACT_051,True,OK
DEC_3464,True,OK
DEC_3118,True,OK
DEC_2895,True,OK
DEC_2509,True,OK
DEC_1106,True,OK
DEC_3251,True,OK
DEC_1800,True,OK
DEC_0849,True,OK
DEC_0702,True,OK
DEC_0667,True,OK
DEC_2629,True,OK
DEC_0353,True,OK
DEC_2315,True,OK
DEC_1309,True,OK
DEC_4495,True,OK
DEC_2978,True,OK
DEC_0963,True,OK
DEC_2787,True,OK
DEC_3684,True,OK
DEC_2823,True,OK
DEC_3168,True,OK
DEC_0102,True,OK
DEC_2288,True,OK
DEC_0117,True,OK
DEC_4677,True,OK
DEC_2603,True,OK
DEC_3321,True,OK
DEC_2901,True,OK
DEC_0719,True,OK
DEC_3932,True,OK
DEC_3571,True,OK
DEC_4345,True,OK
DEC_1054,True,OK
ACT_091,False,Empty PDBQT
DEC_1155,True,OK
DEC_2239,True,OK
DEC_0241,True,OK
DEC_0628,True,OK
DEC_2776,True,OK
DEC_1247,True,OK
DEC_2579,True,OK
DEC_1823,True,OK
DEC_0124,True,OK
DEC_0075,True,OK
DEC_3457,True,OK
DEC_3212,True,OK
DEC_2038,True,OK
DEC_2525,True,OK
DEC_1337,True,OK
DEC_0637,True,OK
DEC_1520,True,OK
ACT_076,True,OK
DEC_1014,True,OK
DEC_0757,True,OK
DEC_1317,True,OK
DEC_2747,True,OK
DEC_3838,True,OK
DEC_0721,True,OK
DEC_1093,True,OK
DEC_3129,True,OK
DEC_1756,True,OK
DEC_2087,True,OK
DEC_2759,True,OK
DEC_2642,True,OK
DEC_2320,True,OK
DEC_0767,True,OK
DEC_1365,True,OK
DEC_4596,True,OK
DEC_4533,True,OK
DEC_3008,True,OK
DEC_0396,True,OK
DEC_2364,True,OK
DEC_4029,True,OK
DEC_3243,True,OK
DEC_2657,True,OK
DEC_1279,True,OK
DEC_2022,True,OK
DEC_2505,True,OK
DEC_4642,True,OK
DEC_1922,True,OK
DEC_3388,True,OK
DEC_4117,True,OK
DEC_4224,True,OK
DEC_3079,True,OK
DEC_1680,True,OK
DEC_3621,True,OK
DEC_3529,True,OK
DEC_0330,False,Timeout
DEC_3160,True,OK
DEC_4458,True,OK
DEC_4135,True,OK
ACT_056,True,OK
DEC_3558,True,OK
DEC_1473,True,OK
DEC_3849,True,OK
DEC_3544,True,OK
DEC_2250,True,OK
DEC_1113,True,OK
DEC_0310,True,OK
DEC_1852,True,OK
DEC_4364,True,OK
DEC_0648,True,OK
DEC_2566,True,OK
DEC_2124,True,OK
DEC_2428,True,OK
DEC_1875,True,OK
DEC_2034,True,OK
DEC_0568,True,OK
DEC_4564,True,OK
DEC_1502,True,OK
DEC_3902,True,OK
DEC_0906,True,OK
DEC_1197,True,OK
DEC_3155,True,OK
DEC_2446,True,OK
DEC_4187,True,OK
DEC_4724,True,OK
DEC_1857,True,OK
DEC_4361,True,OK
DEC_0544,True,OK
DEC_0882,True,OK
DEC_3749,True,OK
DEC_4219,True,OK
DEC_4107,True,OK
DEC_2883,True,OK
DEC_4231,True,OK
DEC_1968,True,OK
DEC_1118,True,OK
DEC_1234,True,OK
DEC_4563,True,OK
DEC_3947,True,OK
DEC_1571,True,OK
DEC_2531,True,OK
DEC_0586,True,OK
DEC_0802,True,OK
DEC_2575,True,OK
DEC_4178,True,OK
DEC_1547,True,OK
DEC_1790,True,OK
DEC_2851,True,OK
DEC_1624,True,OK
DEC_0581,True,OK
DEC_0711,False,Timeout
DEC_4359,True,OK
DEC_3790,True,OK
DEC_3021,True,OK
DEC_0120,True,OK
DEC_3989,False,Empty PDBQT
DEC_0301,True,OK
DEC_2564,True,OK
DEC_1117,True,OK
DEC_3728,True,OK
DEC_2484,True,OK
DEC_1377,True,OK
DEC_0406,True,OK
DEC_3451,True,OK
DEC_2719,True,OK
DEC_4192,False,Empty PDBQT
DEC_1503,True,OK
DEC_4170,True,OK
DEC_2176,True,OK
DEC_0763,True,OK
DEC_2357,True,OK
DEC_0791,True,OK
DEC_4422,True,OK
DEC_2142,True,OK
DEC_2035,True,OK
DEC_2339,True,OK
DEC_2050,True,OK
DEC_4430,True,OK
DEC_0451,True,OK
DEC_0185,True,OK
DEC_1740,True,OK
DEC_0680,True,OK
DEC_1304,True,OK
DEC_2976,True,OK
DEC_0968,True,OK
DEC_3722,True,OK
DEC_2620,True,OK
DEC_2436,True,OK
DEC_3619,True,OK
DEC_2702,True,OK
DEC_1496,True,OK
DEC_2910,True,OK
DEC_0748,True,OK
DEC_3202,False,Empty PDBQT
DEC_3249,True,OK
DEC_0689,True,OK
DEC_3585,True,OK
DEC_2932,True,OK
DEC_2581,True,OK
DEC_1125,True,OK
DEC_2118,True,OK
DEC_0091,True,OK
DEC_4571,True,OK
DEC_0625,True,OK
DEC_0084,True,OK
DEC_4754,True,OK
DEC_2039,True,OK
DEC_2362,True,OK
DEC_0950,True,OK
DEC_1037,True,OK
DEC_1041,True,OK
DEC_4731,True,OK
DEC_3575,True,OK
DEC_0284,True,OK
DEC_2849,True,OK
DEC_0172,True,OK
DEC_2448,True,OK
DEC_2762,True,OK
DEC_4131,True,OK
DEC_3675,True,OK
DEC_0811,True,OK
DEC_2551,True,OK
DEC_3836,True,OK
DEC_2234,True,OK
DEC_2871,True,OK
DEC_4278,True,OK
DEC_3889,True,OK
DEC_2445,True,OK
DEC_3192,True,OK
DEC_3878,True,OK
DEC_1816,True,OK
DEC_2980,True,OK
DEC_1358,False,Timeout
DEC_3521,True,OK
DEC_0216,True,OK
DEC_2455,True,OK
DEC_2545,True,OK
DEC_3937,True,OK
DEC_1361,False,Timeout
DEC_0405,False,Timeout
DEC_4395,True,OK
DEC_3104,True,OK
DEC_3829,True,OK
DEC_4678,True,OK
DEC_0076,True,OK
DEC_3039,True,OK
DEC_1254,True,OK
DEC_1100,True,OK
DEC_3842,True,OK
DEC_0281,True,OK
DEC_3441,True,OK
DEC_3917,True,OK
DEC_1033,True,OK
DEC_0629,True,OK
DEC_3113,True,OK
DEC_0905,True,OK
DEC_0823,True,OK
DEC_1505,True,OK
DEC_3850,True,OK
DEC_3194,True,OK
DEC_4204,True,OK
DEC_0569,True,OK
DEC_2788,True,OK
DEC_1936,True,OK
DEC_3049,True,OK
DEC_1158,True,OK
DEC_3047,True,OK
DEC_1140,True,OK
DEC_4054,True,OK
DEC_0056,True,OK
DEC_2104,True,OK
DEC_3510,True,OK
DEC_1965,True,OK
DEC_3637,True,OK
DEC_4502,True,OK
DEC_0609,True,OK
DEC_3311,True,OK
DEC_3992,True,OK
DEC_4568,True,OK
DEC_3855,True,OK
DEC_2839,True,OK
DEC_4697,True,OK
DEC_0187,True,OK
DEC_1415,True,OK
DEC_1448,True,OK
DEC_3638,True,OK
DEC_0580,True,OK
DEC_1008,True,OK
DEC_3401,True,OK
DEC_2771,True,OK
DEC_0697,True,OK
DEC_1640,True,OK
DEC_1610,True,OK
DEC_1883,True,OK
DEC_0393,True,OK
DEC_1872,True,OK
DEC_2684,True,OK
DEC_2840,True,OK
DEC_0058,True,OK
DEC_2378,True,OK
DEC_2425,True,OK
DEC_1582,True,OK
DEC_1360,True,OK
DEC_4349,True,OK
DEC_3234,True,OK
DEC_3159,True,OK
DEC_1103,True,OK
DEC_2778,True,OK
ACT_033,True,OK
DEC_3219,True,OK
DEC_4691,True,OK
DEC_3538,True,OK
DEC_0268,True,OK
DEC_2819,True,OK
DEC_1248,True,OK
DEC_2904,True,OK
DEC_2304,True,OK
DEC_2497,True,OK
DEC_0475,True,OK
DEC_4304,True,OK
DEC_4711,True,OK
DEC_2273,True,OK
DEC_3920,True,OK
ACT_096,True,OK
DEC_2639,True,OK
DEC_2833,True,OK
DEC_4344,True,OK
DEC_3724,True,OK
DEC_3586,True,OK
DEC_3731,True,OK
DEC_3178,True,OK
DEC_0333,True,OK
DEC_3277,True,OK
DEC_3456,True,OK
DEC_2935,True,OK
DEC_0982,True,OK
DEC_1733,True,OK
DEC_3259,True,OK
DEC_1895,True,OK
DEC_1919,True,OK
DEC_3012,True,OK
DEC_4471,True,OK
DEC_1507,True,OK
DEC_3994,True,OK
DEC_2033,True,OK
DEC_1632,True,OK
DEC_0924,True,OK
DEC_0070,True,OK
DEC_2802,True,OK
DEC_3737,True,OK
ACT_020,True,OK
DEC_4588,True,OK
DEC_0015,True,OK
DEC_3416,False,Empty PDBQT
DEC_3847,True,OK
DEC_3670,True,OK
DEC_0677,True,OK
DEC_0731,True,OK
DEC_0092,True,OK
DEC_3699,True,OK
DEC_1990,True,OK
DEC_4281,True,OK
DEC_3271,True,OK
DEC_4143,True,OK
DEC_0066,True,OK
DEC_3210,True,OK
DEC_3081,True,OK
DEC_1301,True,OK
DEC_4034,True,OK
DEC_2106,True,OK
DEC_1328,True,OK
DEC_2463,True,OK
DEC_0399,True,OK
DEC_1058,True,OK
DEC_3428,True,OK
DEC_0732,True,OK
DEC_4283,True,OK
DEC_4542,True,OK
DEC_2115,True,OK
DEC_4042,True,OK
DEC_3760,True,OK
DEC_2199,True,OK
DEC_4247,True,OK
DEC_1570,True,OK
DEC_4526,True,OK
DEC_0979,True,OK
DEC_1170,True,OK
DEC_0294,True,OK
DEC_4043,True,OK
DEC_1974,True,OK
DEC_3542,True,OK
DEC_0295,True,OK
DEC_0339,True,OK
DEC_0635,True,OK
DEC_2721,True,OK
ACT_071,True,OK
DEC_1075,True,OK
DEC_3090,True,OK
DEC_2838,True,OK
DEC_4243,True,OK
DEC_1585,True,OK
DEC_2674,True,OK
DEC_2103,True,OK
DEC_3745,True,OK
DEC_3658,False,Timeout
DEC_0148,True,OK
DEC_3741,True,OK
DEC_1768,True,OK
DEC_4561,True,OK
DEC_4330,True,OK
DEC_3073,True,OK
DEC_0179,True,OK
DEC_4760,True,OK
DEC_3691,True,OK
DEC_1590,True,OK
DEC_4650,True,OK
DEC_0099,True,OK
DEC_0205,True,OK
DEC_0039,True,OK
DEC_0141,True,OK
DEC_2060,True,OK
DEC_1901,True,OK
DEC_2914,True,OK
DEC_0594,True,OK
DEC_4153,True,OK
DEC_0590,True,OK
DEC_1788,True,OK
DEC_1910,True,OK
DEC_4472,True,OK
DEC_0955,True,OK
DEC_2963,True,OK
DEC_1946,True,OK
DEC_0907,True,OK
DEC_2321,True,OK
DEC_3164,True,OK
DEC_1252,False,Timeout
DEC_0704,False,Timeout
DEC_0525,True,OK
DEC_3649,True,OK
DEC_3144,True,OK
DEC_2223,True,OK
DEC_2785,True,OK
DEC_0498,True,OK
DEC_4284,True,OK
DEC_0088,True,OK
DEC_1596,True,OK
DEC_1182,True,OK
DEC_1419,True,OK
DEC_4437,True,OK
DEC_1212,True,OK
DEC_3766,True,OK
DEC_3730,True,OK
DEC_2591,True,OK
DEC_4560,True,OK
DEC_2001,True,OK
DEC_1374,True,OK
DEC_2215,True,OK
DEC_2477,True,OK
DEC_1372,True,OK
DEC_1810,True,OK
DEC_4574,True,OK
DEC_1060,True,OK
DEC_1218,True,OK
DEC_2301,True,OK
DEC_4175,True,OK
DEC_4508,True,OK
DEC_2300,True,OK
DEC_3381,False,Empty PDBQT
DEC_2204,True,OK
DEC_4023,True,OK
DEC_0768,True,OK
DEC_3774,True,OK
DEC_1142,True,OK
DEC_1264,True,OK
DEC_0756,True,OK
DEC_1864,True,OK
DEC_4371,True,OK
DEC_0671,True,OK
DEC_2522,True,OK
DEC_4307,True,OK
DEC_1445,True,OK
DEC_1000,True,OK
DEC_3908,True,OK
DEC_3856,True,OK
DEC_4357,True,OK
DEC_2669,True,OK
DEC_4599,True,OK
DEC_2314,True,OK
DEC_2292,True,OK
DEC_0733,True,OK
DEC_3986,True,OK
DEC_4290,True,OK
DEC_4325,True,OK
DEC_2253,True,OK
DEC_4348,True,OK
DEC_1591,True,OK
DEC_2587,True,OK
DEC_2146,True,OK
DEC_0492,True,OK
DEC_1132,True,OK
DEC_2572,True,OK
DEC_2781,True,OK
DEC_2748,True,OK
DEC_0654,True,OK
DEC_1442,True,OK
DEC_2627,True,OK
DEC_0512,True,OK
DEC_3517,True,OK
DEC_1606,True,OK
DEC_2861,True,OK
DEC_2049,True,OK
DEC_3796,True,OK
DEC_1311,True,OK
DEC_0093,True,OK
DEC_4602,True,OK
DEC_1650,True,OK
DEC_2272,True,OK
DEC_3382,True,OK
DEC_1028,True,OK
DEC_1131,True,OK
DEC_1594,True,OK
DEC_0806,True,OK
DEC_3387,True,OK
DEC_4031,True,OK
DEC_4024,True,OK
DEC_4052,True,OK
DEC_1214,True,OK
DEC_1207,True,OK
DEC_2091,True,OK
DEC_1085,True,OK
DEC_3394,True,OK
DEC_4353,True,OK
DEC_0132,True,OK
DEC_3482,True,OK
DEC_0860,True,OK
DEC_4236,True,OK
DEC_4610,True,OK
DEC_2774,True,OK
DEC_0903,True,OK
DEC_2466,True,OK
DEC_4776,True,OK
DEC_0038,True,OK
DEC_0314,True,OK
DEC_3570,True,OK
DEC_0745,True,OK
DEC_3890,True,OK
DEC_4164,True,OK
DEC_1618,True,OK
DEC_0032,True,OK
DEC_0363,True,OK
DEC_3812,True,OK
DEC_1030,True,OK
DEC_0536,True,OK
DEC_3791,True,OK
DEC_1787,False,Timeout
DEC_3716,True,OK
DEC_4017,True,OK
DEC_1454,True,OK
DEC_2079,True,OK
DEC_4156,True,OK
DEC_4026,True,OK
DEC_2262,True,OK
ACT_094,True,OK
ACT_015,True,OK
DEC_4780,True,OK
DEC_0422,True,OK
DEC_4459,True,OK
DEC_2405,True,OK
DEC_2101,True,OK
DEC_0632,True,OK
DEC_0386,True,OK
DEC_1325,True,OK
DEC_0445,True,OK
DEC_2109,True,OK
DEC_3758,True,OK
DEC_1439,True,OK
DEC_1447,True,OK
DEC_2847,True,OK
DEC_3697,True,OK
DEC_3324,True,OK
DEC_4332,True,OK
DEC_0455,True,OK
DEC_3703,True,OK
DEC_3094,True,OK
DEC_4161,True,OK
DEC_2372,True,OK
DEC_1834,True,OK
DEC_0183,True,OK
DEC_0147,True,OK
DEC_3743,True,OK
DEC_0162,True,OK
DEC_2589,True,OK
DEC_4612,True,OK
DEC_2700,True,OK
DEC_0200,True,OK
DEC_0793,True,OK
ACT_013,True,OK
DEC_4518,True,OK
DEC_3450,True,OK
DEC_3648,True,OK
DEC_1163,True,OK
DEC_1794,True,OK
DEC_0137,True,OK
DEC_2413,True,OK
DEC_4030,True,OK
DEC_3106,True,OK
DEC_0441,True,OK
DEC_3145,True,OK
DEC_0128,True,OK
DEC_1725,True,OK
DEC_3115,True,OK
DEC_4079,True,OK
DEC_4521,True,OK
DEC_0742,True,OK
DEC_0377,True,OK
DEC_3672,True,OK
DEC_4216,True,OK
DEC_2233,True,OK
DEC_3579,True,OK
DEC_0514,True,OK
DEC_2929,True,OK
DEC_0729,True,OK
DEC_4467,True,OK
DEC_2144,True,OK
DEC_0153,True,OK
DEC_0360,True,OK
DEC_0220,True,OK
DEC_3915,False,Timeout
DEC_2064,False,Timeout
DEC_4346,True,OK
DEC_2351,True,OK
DEC_0236,True,OK
DEC_0914,True,OK
DEC_0795,True,OK
DEC_3507,True,OK
DEC_1829,True,OK
DEC_3905,True,OK
DEC_3332,True,OK
DEC_1431,True,OK
DEC_4086,True,OK
DEC_0528,True,OK
DEC_1859,True,OK
DEC_0448,True,OK
DEC_3622,True,OK
DEC_0805,True,OK
DEC_3577,True,OK
DEC_2240,True,OK
DEC_4534,True,OK
DEC_4455,True,OK
DEC_4635,True,OK
DEC_3267,True,OK
DEC_3068,True,OK
DEC_1157,True,OK
DEC_1807,True,OK
DEC_0385,True,OK
DEC_4197,True,OK
DEC_3103,True,OK
DEC_1373,True,OK
DEC_4597,True,OK
ACT_047,True,OK
DEC_1137,True,OK
DEC_4735,True,OK
DEC_3906,True,OK
DEC_3825,False,Empty PDBQT
DEC_0865,True,OK
DEC_3857,True,OK
DEC_0969,True,OK
ACT_028,True,OK
DEC_2764,True,OK
DEC_1226,True,OK
DEC_2283,True,OK
DEC_0476,True,OK
DEC_4704,True,OK
DEC_0291,True,OK
DEC_3244,True,OK
DEC_4739,True,OK
DEC_2408,True,OK
DEC_3360,True,OK
DEC_4536,True,OK
DEC_1561,True,OK
DEC_0619,True,OK
DEC_0692,True,OK
DEC_2226,True,OK
DEC_3574,True,OK
DEC_1281,True,OK
DEC_3551,True,OK
DEC_3543,True,OK
DEC_0954,True,OK
DEC_1780,True,OK
DEC_2406,True,OK
DEC_1255,True,OK
DEC_0362,True,OK
DEC_0690,True,OK
DEC_2882,True,OK
DEC_1818,True,OK
DEC_3696,True,OK
DEC_0450,True,OK
DEC_2616,True,OK
DEC_2376,True,OK
DEC_3818,True,OK
DEC_1762,True,OK
DEC_4013,True,OK
DEC_1273,True,OK
DEC_4058,True,OK
DEC_2227,True,OK
DEC_4046,True,OK
ACT_038,True,OK
DEC_0054,True,OK
DEC_4489,True,OK
DEC_0664,True,OK
DEC_3945,True,OK
DEC_3158,True,OK
DEC_0049,True,OK
DEC_0621,True,OK
DEC_1612,True,OK
DEC_2769,True,OK
DEC_3513,True,OK
DEC_2092,True,OK
DEC_3689,True,OK
DEC_3274,True,OK
DEC_0267,True,OK
DEC_0143,True,OK
DEC_2643,True,OK
DEC_2716,True,OK
DEC_1077,True,OK
DEC_0717,True,OK
DEC_4491,True,OK
DEC_3827,True,OK
DEC_1567,True,OK
DEC_0547,True,OK
DEC_2155,True,OK
DEC_2845,True,OK
DEC_2664,True,OK
DEC_3725,True,OK
DEC_3862,True,OK
DEC_4228,True,OK
DEC_3919,True,OK
DEC_4514,True,OK
DEC_3221,True,OK
DEC_0854,True,OK
DEC_3564,True,OK
DEC_3708,True,OK
DEC_2465,True,OK
DEC_0894,True,OK
DEC_3891,True,OK
DEC_0348,True,OK
DEC_3179,True,OK
DEC_1013,True,OK
DEC_2203,True,OK
DEC_1011,True,OK
DEC_3824,True,OK
DEC_4722,True,OK
DEC_4457,True,OK
DEC_1863,True,OK
DEC_0951,True,OK
DEC_3069,True,OK
DEC_1319,True,OK
DEC_2568,True,OK
DEC_3525,True,OK
DEC_4598,True,OK
DEC_2628,True,OK
DEC_3101,True,OK
DEC_3200,True,OK
DEC_3552,True,OK
DEC_4522,True,OK
DEC_2766,True,OK
DEC_3148,True,OK
DEC_2831,True,OK
DEC_3293,True,OK
DEC_1021,True,OK
DEC_2196,True,OK
DEC_1329,True,OK
DEC_1866,True,OK
DEC_3260,True,OK
DEC_1903,True,OK
DEC_4535,True,OK
DEC_1084,True,OK
DEC_1120,True,OK
DEC_0822,True,OK
DEC_3833,True,OK
DEC_3913,True,OK
DEC_1043,True,OK
DEC_0910,True,OK
DEC_0688,False,Timeout
DEC_2517,True,OK
DEC_0983,True,OK
DEC_1352,True,OK
DEC_2138,True,OK
DEC_1303,True,OK
DEC_2084,True,OK
DEC_3685,True,OK
DEC_4145,True,OK
DEC_1186,True,OK
DEC_2934,True,OK
DEC_4681,True,OK
DEC_4272,True,OK
DEC_4668,True,OK
DEC_3270,True,OK
DEC_0750,True,OK
DEC_2025,True,OK
DEC_0466,True,OK
DEC_0156,True,OK
DEC_3533,True,OK
DEC_3681,True,OK
DEC_1581,True,OK
DEC_2515,True,OK
DEC_1592,True,OK
DEC_0521,True,OK
DEC_1616,True,OK
DEC_1185,True,OK
DEC_4238,True,OK
DEC_2843,True,OK
DEC_0682,True,OK
DEC_3563,True,OK
DEC_2246,True,OK
DEC_0030,True,OK
DEC_0893,False,Timeout
DEC_0506,True,OK
DEC_3167,True,OK
DEC_2048,True,OK
DEC_0599,True,OK
DEC_1868,True,OK
DEC_2685,True,OK
DEC_3294,False,Empty PDBQT
DEC_0833,True,OK
DEC_2266,True,OK
DEC_2270,True,OK
DEC_0988,True,OK
DEC_1844,True,OK
DEC_2821,True,OK
DEC_2873,True,OK
DEC_1161,True,OK
DEC_2291,True,OK
DEC_2972,True,OK
DEC_0349,True,OK
DEC_1257,True,OK
DEC_1409,True,OK
ACT_069,True,OK
DEC_1846,True,OK
DEC_1128,True,OK
DEC_2206,True,OK
DEC_4777,True,OK
DEC_2081,True,OK
DEC_1988,True,OK
DEC_1978,True,OK
DEC_1278,True,OK
DEC_3397,True,OK
DEC_3669,True,OK
DEC_1510,True,OK
DEC_4038,True,OK
DEC_4401,True,OK
DEC_2713,True,OK
DEC_3515,True,OK
DEC_2751,True,OK
DEC_3635,True,OK
DEC_0511,True,OK
DEC_4771,True,OK
DEC_2028,True,OK
DEC_1841,True,OK
DEC_3119,True,OK
DEC_4505,True,OK
DEC_4633,True,OK
DEC_2450,True,OK
DEC_3975,True,OK
DEC_1949,True,OK
DEC_1545,True,OK
DEC_1986,True,OK
DEC_2720,True,OK
DEC_3661,True,OK
DEC_3942,True,OK
DEC_1398,True,OK
DEC_4557,True,OK
DEC_2731,True,OK
DEC_1429,True,OK
DEC_1514,True,OK
DEC_3114,True,OK
DEC_0428,True,OK
DEC_0387,True,OK
DEC_2403,True,OK
DEC_3486,True,OK
DEC_2630,True,OK
DEC_1745,True,OK
DEC_1966,True,OK
DEC_4388,True,OK
DEC_3372,True,OK
DEC_1083,True,OK
DEC_4442,True,OK
DEC_1385,True,OK
DEC_0698,True,OK
DEC_2202,True,OK
DEC_2236,True,OK
DEC_0110,True,OK
DEC_3988,False,Empty PDBQT
DEC_3514,True,OK
DEC_3762,True,OK
DEC_1552,True,OK
DEC_3555,True,OK
DEC_3550,True,OK
DEC_0449,True,OK
DEC_1666,True,OK
DEC_0341,True,OK
DEC_3643,True,OK
DEC_4148,True,OK
DEC_4687,True,OK
DEC_3971,True,OK
DEC_2348,True,OK
DEC_1928,True,OK
DEC_1053,True,OK
DEC_2493,True,OK
DEC_0100,True,OK
DEC_2809,True,OK
DEC_2290,True,OK
DEC_4575,True,OK
DEC_3694,True,OK
DEC_2825,True,OK
DEC_3353,True,OK
DEC_1511,True,OK
DEC_0269,True,OK
DEC_4660,True,OK
DEC_3484,True,OK
DEC_3190,True,OK
DEC_1943,True,OK
DEC_4021,True,OK
DEC_2009,True,OK
DEC_1941,True,OK
DEC_0553,True,OK
DEC_3698,True,OK
DEC_2511,True,OK
DEC_2267,True,OK
DEC_4182,False,Empty PDBQT
DEC_0555,True,OK
DEC_0917,True,OK
DEC_1613,True,OK
DEC_2846,True,OK
DEC_1474,True,OK
DEC_1089,True,OK
DEC_3455,True,OK
DEC_0297,True,OK
DEC_0478,True,OK
DEC_0916,True,OK
DEC_4016,True,OK
DEC_3258,True,OK
DEC_0402,True,OK
DEC_1811,True,OK
DEC_2815,True,OK
DEC_2510,True,OK
DEC_0335,True,OK
DEC_2694,True,OK
DEC_2010,True,OK
DEC_3483,True,OK
DEC_4062,True,OK
DEC_4239,True,OK
DEC_1315,True,OK
DEC_4753,True,OK
DEC_3327,True,OK
DEC_4434,True,OK
DEC_2385,True,OK
DEC_1294,True,OK
DEC_0736,True,OK
DEC_1803,True,OK
DEC_3823,True,OK
DEC_4448,True,OK
DEC_1701,True,OK
DEC_3674,True,OK
DEC_3318,True,OK
DEC_0199,True,OK
DEC_3611,True,OK
DEC_1119,True,OK
DEC_4068,True,OK
DEC_0904,True,OK
DEC_1879,True,OK
DEC_3519,True,OK
DEC_1087,True,OK
DEC_4741,True,OK
DEC_2469,True,OK
DEC_1940,True,OK
DEC_0025,True,OK
DEC_2827,True,OK
DEC_2937,True,OK
DEC_2806,True,OK
DEC_2244,True,OK
DEC_0764,True,OK
DEC_0985,True,OK
DEC_2263,True,OK
DEC_2528,True,OK
DEC_3189,True,OK
DEC_0233,True,OK
DEC_0017,True,OK
DEC_3042,True,OK
DEC_4525,True,OK
DEC_1283,True,OK
DEC_2672,True,OK
DEC_3364,True,OK
DEC_4125,True,OK
DEC_4716,True,OK
DEC_2279,True,OK
DEC_2325,True,OK
DEC_0591,True,OK
DEC_2526,True,OK
DEC_1959,True,OK
DEC_4640,True,OK
DEC_3752,True,OK
DEC_2417,True,OK
DEC_3067,True,OK
DEC_2461,True,OK
DEC_0413,True,OK
DEC_2698,True,OK
DEC_4134,True,OK
DEC_2502,True,OK
DEC_0705,True,OK
DEC_3427,True,OK
DEC_2722,True,OK
DEC_2996,True,OK
DEC_3970,True,OK
DEC_1318,True,OK
DEC_0824,True,OK
DEC_1222,True,OK
DEC_2899,True,OK
DEC_0575,True,OK
DEC_1146,True,OK
DEC_3096,True,OK
DEC_2023,True,OK
DEC_0409,True,OK
DEC_4377,True,OK
DEC_2902,True,OK
DEC_4093,True,OK
DEC_2979,True,OK
DEC_0646,True,OK
DEC_2308,True,OK
DEC_2521,True,OK
DEC_3343,True,OK
DEC_0426,True,OK
DEC_1312,True,OK
DEC_2020,True,OK
DEC_1809,True,OK
DEC_1744,True,OK
DEC_4570,True,OK
DEC_2532,True,OK
DEC_1199,True,OK
DEC_0414,True,OK
DEC_3736,True,OK
DEC_3652,True,OK
DEC_1578,True,OK
DEC_4110,True,OK
DEC_2054,True,OK
DEC_3650,True,OK
DEC_3215,True,OK
DEC_4412,True,OK
DEC_3002,True,OK
DEC_0254,True,OK
DEC_2644,True,OK
DEC_0432,True,OK
DEC_2160,True,OK
DEC_1815,True,OK
DEC_1412,True,OK
DEC_2245,True,OK
DEC_2794,True,OK
DEC_1379,True,OK
DEC_3792,True,OK
DEC_3692,True,OK
DEC_0870,True,OK
DEC_2850,True,OK
DEC_4089,True,OK
DEC_3897,True,OK
DEC_3282,True,OK
DEC_1984,True,OK
DEC_1381,True,OK
DEC_4221,True,OK
DEC_4707,True,OK
DEC_4625,True,OK
DEC_1129,True,OK
DEC_1090,True,OK
DEC_2121,True,OK
DEC_2153,True,OK
DEC_0166,True,OK
DEC_4035,False,Timeout
DEC_1210,False,Timeout
DEC_0260,True,OK
DEC_1724,True,OK
DEC_0608,True,OK
DEC_3058,True,OK
DEC_3061,True,OK
DEC_3506,True,OK
DEC_0403,True,OK
DEC_4481,True,OK
DEC_4146,True,OK
DEC_1070,True,OK
DEC_2407,True,OK
DEC_0779,True,OK
DEC_1728,True,OK
DEC_0967,True,OK
DEC_4488,True,OK
DEC_4592,True,OK
DEC_3304,True,OK
DEC_1486,True,OK
DEC_2021,True,OK
DEC_4416,True,OK
DEC_4116,True,OK
DEC_0007,False,Timeout
DEC_4233,True,OK
DEC_4736,True,OK
DEC_3530,True,OK
DEC_2561,True,OK
DEC_1188,True,OK
DEC_4149,True,OK
DEC_4553,True,OK
DEC_2069,True,OK
DEC_2855,True,OK
DEC_4333,True,OK
DEC_4666,True,OK
DEC_2768,True,OK
DEC_1424,False,Empty PDBQT
DEC_3503,True,OK
DEC_3041,True,OK
DEC_0529,True,OK
DEC_3036,True,OK
DEC_0033,True,OK
DEC_2224,True,OK
DEC_4244,True,OK
DEC_1384,True,OK
DEC_1401,True,OK
DEC_2543,True,OK
DEC_0867,True,OK
DEC_0176,True,OK
DEC_3787,True,OK
DEC_0043,True,OK
DEC_3901,True,OK
DEC_3557,True,OK
DEC_2389,True,OK
DEC_4012,True,OK
DEC_4018,True,OK
DEC_0556,True,OK
DEC_2683,True,OK
DEC_2002,True,OK
DEC_4218,True,OK
DEC_1564,True,OK
DEC_2512,True,OK
DEC_2650,True,OK
DEC_0208,True,OK
DEC_0135,True,OK
DEC_3458,True,OK
DEC_3644,True,OK
DEC_1682,True,OK
DEC_2810,True,OK
DEC_1345,True,OK
DEC_3156,True,OK
DEC_1732,True,OK
DEC_1340,True,OK
DEC_1719,True,OK
DEC_0583,True,OK
DEC_1646,True,OK
DEC_2992,True,OK
DEC_4390,True,OK
DEC_1156,True,OK
DEC_1111,True,OK
DEC_3423,True,OK
DEC_4380,True,OK
DEC_0228,True,OK
DEC_3832,True,OK
DEC_3953,True,OK
DEC_1104,True,OK
DEC_2135,True,OK
DEC_0640,True,OK
DEC_3097,True,OK
DEC_3170,True,OK
DEC_4122,True,OK
DEC_1639,True,OK
DEC_0239,True,OK
DEC_4288,True,OK
DEC_2027,True,OK
DEC_3744,True,OK
DEC_4679,True,OK
DEC_4403,True,OK
DEC_4581,True,OK
DEC_3336,True,OK
DEC_2997,True,OK
DEC_3437,True,OK
DEC_1539,True,OK
DEC_1690,True,OK
DEC_1408,True,OK
DEC_0410,True,OK
DEC_3255,True,OK
DEC_3784,True,OK
DEC_2586,True,OK
DEC_2830,True,OK
DEC_3841,True,OK
DEC_1072,True,OK
DEC_0683,True,OK
DEC_2550,True,OK
DEC_0050,True,OK
DEC_0938,True,OK
DEC_4411,True,OK
DEC_2125,True,OK
DEC_4314,True,OK
DEC_2012,True,OK
DEC_2984,True,OK
DEC_4469,True,OK
DEC_0072,True,OK
DEC_2898,True,OK
DEC_0080,True,OK
DEC_0726,True,OK
DEC_3714,True,OK
DEC_3788,True,OK
DEC_1775,True,OK
DEC_3524,True,OK
DEC_4590,True,OK
DEC_0647,True,OK
DEC_2488,True,OK
DEC_1861,False,Timeout
DEC_2749,True,OK
DEC_1804,True,OK
DEC_2705,True,OK
DEC_3701,True,OK
DEC_3264,True,OK
DEC_3763,True,OK
DEC_2137,True,OK
DEC_3623,True,OK
DEC_0082,True,OK
DEC_0447,True,OK
DEC_3821,True,OK
DEC_2284,True,OK
DEC_3289,True,OK
DEC_3609,True,OK
DEC_2592,True,OK
DEC_0888,True,OK
DEC_1313,True,OK
DEC_0177,True,OK
DEC_4374,True,OK
ACT_067,True,OK
DEC_0939,True,OK
DEC_1430,True,OK
DEC_1485,True,OK
DEC_2504,True,OK
DEC_4426,True,OK
DEC_3957,True,OK
DEC_1500,True,OK
DEC_4127,True,OK
DEC_2170,True,OK
DEC_3501,True,OK
DEC_3062,True,OK
DEC_2129,True,OK
DEC_3406,True,OK
DEC_0178,True,OK
DEC_1378,True,OK
DEC_2045,True,OK
DEC_0251,True,OK
DEC_2638,True,OK
DEC_4405,True,OK
DEC_4767,True,OK
DEC_1607,True,OK
DEC_2238,True,OK
DEC_0886,False,Timeout
DEC_1346,True,OK
DEC_2419,False,Empty PDBQT
ACT_007,True,OK
DEC_3349,True,OK
DEC_1094,True,OK
DEC_0489,True,OK
DEC_0891,True,OK
DEC_2256,True,OK
DEC_2011,True,OK
DEC_2489,True,OK
ACT_068,True,OK
DEC_2096,True,OK
DEC_4644,True,OK
DEC_1948,True,OK
DEC_4003,True,OK
DEC_4589,True,OK
DEC_1773,True,OK
DEC_2452,True,OK
DEC_3668,True,OK
DEC_3940,True,OK
DEC_0877,True,OK
DEC_0096,True,OK
DEC_4517,True,OK
DEC_1134,True,OK
DEC_0874,True,OK
DEC_3944,True,OK
DEC_0356,True,OK
DEC_4213,True,OK
DEC_2062,True,OK
DEC_3893,True,OK
DEC_4080,True,OK
DEC_0513,True,OK
DEC_0784,True,OK
DEC_3100,True,OK
ACT_078,True,OK
DEC_0225,True,OK
DEC_4032,True,OK
DEC_2421,True,OK
DEC_1738,True,OK
DEC_2911,True,OK
DEC_4092,True,OK
DEC_4384,True,OK
DEC_2752,True,OK
DEC_1836,True,OK
DEC_3054,True,OK
DEC_0057,True,OK
DEC_2949,True,OK
DEC_0499,True,OK
DEC_1274,True,OK
DEC_4136,True,OK
DEC_2828,True,OK
DEC_3491,True,OK
DEC_1206,True,OK
DEC_4082,True,OK
DEC_0820,True,OK
DEC_3712,True,OK
DEC_3214,True,OK
DEC_3982,True,OK
DEC_0866,True,OK
DEC_1432,True,OK
DEC_1957,True,OK
DEC_1524,True,OK
DEC_0119,True,OK
DEC_3493,True,OK
DEC_0010,True,OK
DEC_3108,True,OK
DEC_1748,True,OK
DEC_0810,True,OK
DEC_3238,True,OK
DEC_4766,True,OK
DEC_0504,True,OK
DEC_3398,True,OK
DEC_4315,True,OK
DEC_1018,True,OK
DEC_4507,True,OK
DEC_0244,True,OK
DEC_2917,True,OK
DEC_4250,True,OK
DEC_2014,True,OK
DEC_2814,True,OK
DEC_4066,True,OK
DEC_4275,True,OK
DEC_1421,True,OK
DEC_4121,True,OK
DEC_2527,True,OK
DEC_0114,True,OK
DEC_3665,True,OK
DEC_4622,True,OK
DEC_4083,True,OK
DEC_0718,True,OK
DEC_0564,True,OK
DEC_1615,True,OK
DEC_2061,True,OK
DEC_4101,True,OK
DEC_1465,True,OK
DEC_1055,True,OK
DEC_3059,True,OK
DEC_4595,True,OK
DEC_4527,True,OK
DEC_3973,True,OK
DEC_1407,True,OK
DEC_3110,True,OK
DEC_1822,True,OK
DEC_1168,True,OK
DEC_4096,True,OK
DEC_4713,True,OK
DEC_0859,True,OK
DEC_3225,True,OK
DEC_1068,True,OK
DEC_4392,True,OK
DEC_1720,True,OK
DEC_0873,True,OK
DEC_2848,True,OK
DEC_3562,True,OK
DEC_1393,True,OK
DEC_3647,True,OK
DEC_3803,True,OK
DEC_4296,True,OK
DEC_3295,True,OK
DEC_0579,True,OK
DEC_3805,True,OK
DEC_3761,True,OK
DEC_0641,True,OK
DEC_0565,True,OK
DEC_0532,True,OK
DEC_1444,True,OK
DEC_4554,True,OK
DEC_3904,True,OK
DEC_3137,True,OK
DEC_1280,True,OK
DEC_3211,True,OK
DEC_3057,True,OK
DEC_2965,True,OK
DEC_2926,True,OK
DEC_2111,True,OK
DEC_3839,True,OK
DEC_4545,True,OK
DEC_3651,True,OK
DEC_0217,True,OK
DEC_4269,True,OK
DEC_4473,True,OK
DEC_0828,True,OK
DEC_0687,True,OK
DEC_1892,True,OK
DEC_1300,True,OK
DEC_0778,True,OK
DEC_3256,True,OK
DEC_3252,True,OK
DEC_3477,True,OK
ACT_075,True,OK
DEC_3134,True,OK
DEC_1983,True,OK
DEC_1635,True,OK
DEC_3851,True,OK
DEC_3819,True,OK
DEC_0283,True,OK
DEC_2057,True,OK
DEC_2708,True,OK
DEC_3043,True,OK
DEC_3254,True,OK
DEC_4757,True,OK
DEC_0424,True,OK
DEC_3438,True,OK
DEC_3384,True,OK
DEC_1443,True,OK
DEC_2190,True,OK
DEC_4523,True,OK
DEC_3222,True,OK
DEC_2804,True,OK
DEC_2338,True,OK
DEC_0429,True,OK
DEC_1506,True,OK
DEC_4378,True,OK
DEC_3899,True,OK
DEC_2588,True,OK
DEC_3454,True,OK
DEC_1333,True,OK
DEC_0480,True,OK
DEC_4618,True,OK
DEC_2287,True,OK
DEC_0234,True,OK
DEC_3954,True,OK
DEC_0516,True,OK
DEC_2369,True,OK
DEC_3284,True,OK
DEC_2865,True,OK
DEC_0933,True,OK
DEC_1064,True,OK
DEC_1484,True,OK
DEC_2679,True,OK
DEC_2186,True,OK
DEC_0288,True,OK
DEC_3303,True,OK
DEC_4613,True,OK
DEC_1271,True,OK
DEC_2552,True,OK
DEC_4097,True,OK
DEC_4167,True,OK
DEC_2349,True,OK
DEC_2681,False,Empty PDBQT
DEC_1286,True,OK
DEC_1575,True,OK
DEC_1487,True,OK
DEC_3835,True,OK
DEC_1428,True,OK
DEC_1391,True,OK
DEC_0551,True,OK
DEC_2398,True,OK
DEC_2042,True,OK
DEC_3126,True,OK
DEC_4703,True,OK
DEC_1694,True,OK
DEC_2799,True,OK
DEC_0915,True,OK
DEC_4246,True,OK
DEC_0607,True,OK
DEC_2547,True,OK
DEC_4206,True,OK
DEC_0246,True,OK
DEC_2826,True,OK
DEC_1307,True,OK
DEC_0324,True,OK
DEC_1746,True,OK
DEC_0154,True,OK
DEC_4549,True,OK
DEC_1954,True,OK
DEC_1849,True,OK
DEC_4466,True,OK
DEC_1217,True,OK
DEC_0672,True,OK
DEC_2570,True,OK
DEC_2242,True,OK
DEC_1743,True,OK
DEC_0069,True,OK
DEC_3632,True,OK
DEC_3641,True,OK
DEC_2278,True,OK
DEC_1796,True,OK
DEC_1475,True,OK
DEC_1977,True,OK
DEC_2334,True,OK
DEC_3755,True,OK
DEC_3554,True,OK
DEC_4147,True,OK
DEC_0215,True,OK
DEC_1076,True,OK
DEC_4067,True,OK
DEC_0134,True,OK
DEC_0055,True,OK
DEC_3395,True,OK
DEC_1792,True,OK
DEC_1172,True,OK
DEC_0204,True,OK
DEC_3287,True,OK
DEC_1342,True,OK
DEC_0131,True,OK
DEC_4343,True,OK
DEC_1026,True,OK
DEC_1141,True,OK
DEC_2487,True,OK
DEC_3968,True,OK
DEC_4267,True,OK
DEC_0180,True,OK
DEC_1702,True,OK
DEC_0519,True,OK
DEC_1195,True,OK
DEC_4773,True,OK
DEC_4436,True,OK
DEC_2459,True,OK
DEC_4327,True,OK
DEC_2534,True,OK
DEC_3449,True,OK
DEC_2690,True,OK
DEC_1739,True,OK
DEC_3636,True,OK
DEC_3909,True,OK
DEC_2210,True,OK
DEC_3218,True,OK
DEC_1801,True,OK
DEC_1924,True,OK
DEC_2473,True,OK
DEC_3066,True,OK
DEC_0626,True,OK
DEC_3567,True,OK
DEC_2585,True,OK
DEC_3010,True,OK
DEC_4721,True,OK
DEC_0527,True,OK
DEC_2368,True,OK
DEC_0611,True,OK
DEC_0709,True,OK
DEC_0949,True,OK
DEC_0500,True,OK
DEC_0322,True,OK
DEC_3479,True,OK
DEC_3436,True,OK
DEC_2544,True,OK
DEC_2880,True,OK
DEC_1339,True,OK
DEC_1332,True,OK
DEC_3080,True,OK
DEC_4572,True,OK
DEC_1989,True,OK
DEC_3356,True,OK
DEC_0368,True,OK
DEC_4254,True,OK
DEC_1991,True,OK
DEC_0213,True,OK
DEC_0589,True,OK
DEC_3092,True,OK
DEC_1265,True,OK
DEC_3393,True,OK
DEC_4323,True,OK
DEC_3478,True,OK
DEC_1171,True,OK
DEC_3645,True,OK
DEC_0223,True,OK
DEC_2047,True,OK
DEC_3941,True,OK
DEC_2313,True,OK
DEC_1685,True,OK
DEC_0897,True,OK
DEC_0334,False,Timeout
DEC_1689,False,Empty PDBQT
DEC_3935,True,OK
DEC_3399,True,OK
DEC_2725,True,OK
DEC_1785,True,OK
DEC_2432,True,OK
DEC_0604,True,OK
DEC_1231,True,OK
ACT_086,True,OK
DEC_1560,True,OK
DEC_3569,True,OK
DEC_3176,True,OK
DEC_1611,True,OK
DEC_2523,True,OK
DEC_4132,True,OK
DEC_1557,True,OK
DEC_2249,True,OK
DEC_1659,True,OK
DEC_2259,True,OK
DEC_4033,True,OK
DEC_0219,True,OK
DEC_1784,True,OK
DEC_4483,True,OK
DEC_1687,True,OK
DEC_0074,True,OK
DEC_2940,True,OK
DEC_1527,True,OK
DEC_4427,True,OK
DEC_4693,True,OK
DEC_2637,True,OK
DEC_2189,True,OK
DEC_1950,True,OK
DEC_3626,True,OK
DEC_4105,True,OK
DEC_2082,True,OK
DEC_4363,True,OK
DEC_0430,True,OK
DEC_3590,True,OK
DEC_4748,True,OK
DEC_4607,True,OK
DEC_1938,True,OK
DEC_3184,True,OK
DEC_0392,True,OK
DEC_3528,True,OK
DEC_1086,True,OK
DEC_0947,True,OK
DEC_3031,True,OK
DEC_4199,True,OK
DEC_3539,True,OK
DEC_0766,True,OK
DEC_1135,True,OK
DEC_4746,True,OK
ACT_032,True,OK
DEC_0125,True,OK
DEC_2355,True,OK
DEC_1519,True,OK
DEC_0804,True,OK
DEC_0087,True,OK
DEC_1164,True,OK
DEC_4439,True,OK
DEC_2059,True,OK
DEC_4586,True,OK
DEC_2330,True,OK
DEC_4562,True,OK
DEC_2678,True,OK
DEC_1061,True,OK
DEC_0355,True,OK
DEC_1661,True,OK
DEC_4070,True,OK
DEC_0367,True,OK
DEC_1999,True,OK
DEC_2993,True,OK
DEC_0783,True,OK
DEC_1019,True,OK
DEC_1597,True,OK
DEC_3910,True,OK
DEC_4212,True,OK
DEC_4173,True,OK
DEC_1637,True,OK
DEC_2612,True,OK
DEC_1715,True,OK
DEC_1015,True,OK
DEC_0235,True,OK
DEC_2661,True,OK
DEC_4407,True,OK
DEC_2431,True,OK
DEC_2991,True,OK
DEC_4320,True,OK
DEC_0538,True,OK
DEC_0116,True,OK
DEC_0248,True,OK
DEC_2343,True,OK
DEC_4321,True,OK
DEC_3082,True,OK
DEC_4286,True,OK
DEC_2856,True,OK
DEC_1177,True,OK
DEC_1416,True,OK
DEC_0545,True,OK
DEC_1297,True,OK
DEC_4207,True,OK
DEC_1620,True,OK
DEC_1441,True,OK
DEC_0782,True,OK
DEC_4476,True,OK
DEC_3852,True,OK
DEC_3813,True,OK
DEC_0026,True,OK
DEC_3663,True,OK
DEC_4166,True,OK
DEC_4593,True,OK
DEC_3848,True,OK
DEC_1542,True,OK
DEC_2593,True,OK
DEC_2220,True,OK
DEC_4551,True,OK
DEC_3965,True,OK
ACT_026,True,OK
DEC_1338,True,OK
DEC_1292,True,OK
DEC_3603,True,OK
DEC_3023,True,OK
DEC_2779,True,OK
DEC_3866,True,OK
DEC_0639,True,OK
DEC_3719,True,OK
DEC_0996,True,OK
DEC_2741,True,OK
DEC_2595,True,OK
DEC_2395,True,OK
DEC_0008,True,OK
DEC_2181,True,OK
DEC_2533,True,OK
DEC_3747,True,OK
DEC_2414,True,OK
DEC_2447,True,OK
DEC_3253,True,OK
DEC_3614,True,OK
DEC_2198,True,OK
DEC_1658,True,OK
DEC_3207,False,Empty PDBQT
DEC_0827,True,OK
DEC_2252,True,OK
DEC_1042,True,OK
DEC_3024,True,OK
DEC_0371,True,OK
DEC_1406,True,OK
DEC_3308,True,OK
DEC_1335,True,OK
DEC_3536,True,OK
DEC_0819,True,OK
DEC_1876,True,OK
DEC_4386,True,OK
DEC_0534,True,OK
DEC_4645,True,OK
DEC_1979,True,OK
DEC_2268,True,OK
DEC_0325,True,OK
DEC_4295,True,OK
DEC_1180,True,OK
DEC_2360,True,OK
DEC_3677,True,OK
DEC_4179,True,OK
DEC_2854,True,OK
DEC_1633,True,OK
DEC_2974,True,OK
DEC_2626,True,OK
DEC_1349,True,OK
DEC_3804,True,OK
DEC_4118,True,OK
DEC_3952,True,OK
DEC_3948,True,OK
DEC_3305,True,OK
DEC_2201,True,OK
DEC_2303,True,OK
DEC_0146,True,OK
DEC_4755,True,OK
DEC_3429,True,OK
DEC_3226,True,OK
DEC_1427,True,OK
DEC_2927,True,OK
DEC_2950,True,OK
DEC_0296,True,OK
DEC_1669,True,OK
DEC_3883,True,OK
DEC_0250,True,OK
DEC_4511,True,OK
DEC_3958,True,OK
DEC_0175,True,OK
DEC_1843,True,OK
DEC_2714,True,OK
DEC_0526,True,OK
DEC_1434,True,OK
DEC_4733,True,OK
DEC_2625,True,OK
DEC_3329,True,OK
DEC_1649,True,OK
DEC_1181,True,OK
DEC_0290,True,OK
DEC_4718,True,OK
DEC_1604,True,OK
DEC_4195,True,OK
DEC_1758,True,OK
DEC_3290,True,OK
DEC_1289,True,OK
DEC_4249,True,OK
DEC_0836,True,OK
DEC_1750,True,OK
DEC_1662,True,OK
DEC_0781,True,OK
DEC_4719,True,OK
DEC_2159,True,OK
DEC_3050,True,OK
DEC_2567,True,OK
DEC_3769,True,OK
DEC_4515,True,OK
DEC_2775,True,OK
DEC_3149,True,OK
DEC_3476,True,OK
DEC_1663,False,Empty PDBQT
DEC_2380,True,OK
DEC_1971,True,OK
DEC_4270,True,OK
DEC_4313,True,OK
DEC_2074,True,OK
DEC_4241,True,OK
DEC_3540,True,OK
DEC_4410,True,OK
DEC_2817,True,OK
DEC_2147,True,OK
DEC_3964,True,OK
DEC_2494,True,OK
DEC_2458,True,OK
DEC_1027,True,OK
DEC_0417,True,OK
DEC_0170,True,OK
DEC_0508,True,OK
DEC_4004,True,OK
DEC_1220,True,OK
DEC_0231,True,OK
DEC_0202,True,OK
DEC_3781,True,OK
DEC_2818,True,OK
DEC_1909,False,Timeout
DEC_0343,True,OK
DEC_2711,True,OK
DEC_4478,False,Empty PDBQT
DEC_1546,True,OK
DEC_3371,True,OK
DEC_4629,True,OK
DEC_0150,True,OK
DEC_0028,True,OK
DEC_2536,True,OK
DEC_4700,True,OK
DEC_4261,True,OK
DEC_2036,True,OK
DEC_2599,True,OK
DEC_3109,True,OK
DEC_2879,True,OK
DEC_0078,True,OK
DEC_4009,True,OK
DEC_0808,True,OK
DEC_1964,True,OK
DEC_1752,True,OK
DEC_4078,True,OK
DEC_2332,True,OK
DEC_2003,True,OK
DEC_1383,True,OK
DEC_3087,True,OK
DEC_4200,True,OK
DEC_1851,True,OK
DEC_4769,True,OK
DEC_2955,True,OK
DEC_4509,True,OK
DEC_4109,True,OK
DEC_1625,False,Timeout
DEC_2939,True,OK
DEC_0420,True,OK
DEC_0115,True,OK
DEC_0987,True,OK
DEC_0614,True,OK
DEC_4464,True,OK
DEC_1227,True,OK
DEC_2312,True,OK
DEC_0875,True,OK
DEC_3130,True,OK
DEC_3845,True,OK
DEC_1368,True,OK
ACT_061,True,OK
DEC_0440,True,OK
DEC_3991,True,OK
DEC_2608,True,OK
DEC_0351,True,OK
DEC_0615,True,OK
DEC_3171,True,OK
DEC_4104,True,OK
DEC_3499,True,OK
DEC_0433,True,OK
DEC_3858,False,Empty PDBQT
DEC_3417,True,OK
DEC_1036,True,OK
ACT_012,True,OK
DEC_2342,True,OK
DEC_3602,True,OK
DEC_0505,True,OK
DEC_3072,True,OK
DEC_4397,True,OK
DEC_0855,True,OK
DEC_3231,True,OK
DEC_0785,True,OK
DEC_4732,True,OK
DEC_4461,True,OK
DEC_2171,True,OK
DEC_3035,True,OK
DEC_4255,True,OK
DEC_0182,True,OK
DEC_4381,True,OK
DEC_2213,True,OK
DEC_3124,True,OK
DEC_0416,True,OK
DEC_0898,True,OK
DEC_1267,True,OK
DEC_3123,True,OK
DEC_0108,True,OK
ACT_088,True,OK
DEC_2346,True,OK
DEC_4621,True,OK
DEC_2529,True,OK
DEC_0769,True,OK
DEC_2615,True,OK
DEC_4727,True,OK
DEC_3547,True,OK
DEC_3276,True,OK
DEC_3374,True,OK
DEC_0401,True,OK
DEC_0678,True,OK
DEC_1031,True,OK
DEC_1531,True,OK
DEC_0149,True,OK
DEC_4084,True,OK
DEC_2542,True,OK
DEC_4002,True,OK
DEC_1405,True,OK
DEC_4451,True,OK
DEC_0307,True,OK
DEC_1386,True,OK
DEC_4456,True,OK
DEC_0868,True,OK
DEC_1722,True,OK
DEC_1717,True,OK
DEC_0790,True,OK
DEC_1418,True,OK
DEC_3666,True,OK
DEC_0035,True,OK
DEC_1046,True,OK
DEC_3884,True,OK
DEC_2422,True,OK
DEC_1905,True,OK
DEC_3315,True,OK
DEC_0306,False,Timeout
DEC_2583,True,OK
DEC_3843,True,OK
DEC_3768,True,OK
DEC_2877,True,OK
DEC_2941,True,OK
DEC_2306,True,OK
DEC_4714,True,OK
DEC_4152,True,OK
DEC_2753,True,OK
DEC_2944,True,OK
DEC_2647,True,OK
DEC_1420,True,OK
DEC_1759,True,OK
DEC_1492,True,OK
DEC_0456,True,OK
DEC_2102,True,OK
DEC_3739,True,OK
DEC_0299,True,OK
DEC_0376,True,OK
DEC_1918,True,OK
DEC_1147,True,OK
DEC_0053,True,OK
DEC_0086,True,OK
DEC_0473,True,OK
DEC_0378,True,OK
DEC_3955,True,OK
DEC_2560,True,OK
DEC_3662,True,OK
DEC_2772,True,OK
DEC_1802,True,OK
DEC_3275,True,OK
DEC_2503,True,OK
DEC_0159,True,OK
DEC_2553,True,OK
DEC_0807,True,OK
DEC_2399,True,OK
DEC_1244,True,OK
DEC_2200,True,OK
DEC_3522,True,OK
DEC_2438,True,OK
DEC_0003,True,OK
DEC_1832,True,OK
DEC_0858,True,OK
DEC_4210,True,OK
DEC_4566,True,OK
DEC_1422,True,OK
DEC_2516,True,OK
DEC_3269,True,OK
DEC_1461,True,OK
DEC_2295,True,OK
DEC_0974,True,OK
DEC_3979,True,OK
DEC_2968,True,OK
DEC_4139,True,OK
DEC_1410,True,OK
DEC_3936,True,OK
DEC_0407,True,OK
DEC_2098,True,OK
DEC_4580,True,OK
ACT_058,True,OK
DEC_1517,True,OK
DEC_3139,True,OK
DEC_3595,True,OK
DEC_3584,True,OK
DEC_4385,True,OK
DEC_3680,True,OK
DEC_3365,True,OK
DEC_1528,True,OK
DEC_3754,True,OK
DEC_2867,True,OK
DEC_2671,True,OK
DEC_3424,True,OK
DEC_0825,True,OK
DEC_2990,True,OK
DEC_0477,True,OK
DEC_0209,True,OK
DEC_1819,True,OK
DEC_0372,True,OK
DEC_3195,True,OK
DEC_1288,True,OK
DEC_3466,True,OK
DEC_2958,True,OK
DEC_3594,True,OK
DEC_3204,True,OK
DEC_4627,True,OK
DEC_4408,True,OK
DEC_0953,True,OK
DEC_0574,True,OK
DEC_3302,True,OK
DEC_1017,True,OK
DEC_1956,True,OK
DEC_4373,True,OK
DEC_1399,True,OK
DEC_4468,True,OK
DEC_2110,True,OK
DEC_3122,True,OK
DEC_0442,True,OK
DEC_0723,True,OK
DEC_0620,True,OK
DEC_3865,True,OK
DEC_2962,True,OK
DEC_4708,True,OK
DEC_4300,True,OK
DEC_0270,True,OK
DEC_0439,True,OK
DEC_2900,True,OK
DEC_1395,True,OK
DEC_2274,True,OK
DEC_0037,True,OK
DEC_4758,True,OK
DEC_3131,True,OK
DEC_1166,True,OK
DEC_0062,True,OK
DEC_2548,True,OK
DEC_2471,True,OK
DEC_3720,True,OK
DEC_0298,True,OK
DEC_4492,True,OK
DEC_0461,True,OK
DEC_3334,True,OK
DEC_4130,True,OK
DEC_2601,True,OK
DEC_3044,True,OK
DEC_2853,True,OK
DEC_2995,True,OK
DEC_2677,True,OK
DEC_0927,True,OK
DEC_2444,True,OK
DEC_0679,True,OK
DEC_2508,True,OK
DEC_0798,True,OK
DEC_1344,True,OK
DEC_3185,True,OK
DEC_2387,True,OK
DEC_0843,True,OK
DEC_3173,True,OK
DEC_3078,True,OK
DEC_1073,True,OK
DEC_4604,True,OK
DEC_3604,True,OK
DEC_3312,True,OK
DEC_1935,True,OK
DEC_2953,True,OK
DEC_2384,True,OK
DEC_3776,True,OK
DEC_4312,True,OK
DEC_4120,True,OK
DEC_3088,True,OK
DEC_2710,True,OK
DEC_3444,True,OK
DEC_4379,True,OK
ACT_034,True,OK
DEC_1025,True,OK
DEC_1522,True,OK
DEC_2597,True,OK
DEC_3300,True,OK
ACT_090,True,OK
DEC_1110,True,OK
DEC_4393,True,OK
DEC_1112,True,OK
DEC_2255,True,OK
DEC_1371,True,OK
DEC_3809,True,OK
DEC_1463,True,OK
DEC_0872,True,OK
DEC_0337,True,OK
DEC_1880,True,OK
DEC_4282,True,OK
DEC_4729,True,OK
DEC_0716,True,OK
DEC_1138,True,OK
DEC_4752,True,OK
DEC_4576,True,OK
DEC_0925,True,OK
DEC_2728,True,OK
DEC_4133,True,OK
DEC_2518,True,OK
DEC_1126,True,OK
DEC_2307,True,OK
DEC_1316,True,OK
DEC_1710,True,OK
DEC_0203,True,OK
DEC_0548,True,OK
DEC_2139,True,OK
DEC_2676,True,OK
DEC_1079,True,OK
DEC_3592,True,OK
DEC_4765,True,OK
DEC_3196,True,OK
DEC_3582,True,OK
ACT_039,True,OK
DEC_2632,True,OK
DEC_4226,True,OK
DEC_1783,True,OK
DEC_0941,True,OK
DEC_2513,True,OK
DEC_4100,True,OK
DEC_0852,True,OK
DEC_0487,True,OK
DEC_2289,True,OK
DEC_3639,True,OK
DEC_1939,True,OK
DEC_0887,True,OK
DEC_2699,True,OK
DEC_2439,True,OK
DEC_1467,True,OK
DEC_3467,True,OK
DEC_2397,True,OK
DEC_0224,True,OK
DEC_3972,True,OK
DEC_0597,True,OK
DEC_0638,True,OK
DEC_3147,True,OK
DEC_2693,True,OK
DEC_4366,True,OK
DEC_1588,True,OK
DEC_4490,True,OK
DEC_0901,True,OK
DEC_4308,True,OK
DEC_1665,True,OK
DEC_1436,True,OK
DEC_1369,True,OK
DEC_1102,True,OK
DEC_0130,True,OK
DEC_3162,True,OK
DEC_1229,True,OK
DEC_0089,True,OK
DEC_3896,True,OK
DEC_3601,True,OK
DEC_1127,True,OK
DEC_2743,True,OK
DEC_0582,True,OK
DEC_1718,True,OK
DEC_3782,True,OK
DEC_4367,True,OK
DEC_2784,True,OK
DEC_2496,True,OK
DEC_3015,True,OK
DEC_0304,True,OK
DEC_1678,True,OK
DEC_0271,True,OK
DEC_2959,True,OK
DEC_0832,True,OK
DEC_1078,True,OK
DEC_3673,True,OK
DEC_2704,True,OK
DEC_2486,True,OK
DEC_0862,True,OK
DEC_0181,False,Timeout
DEC_2430,True,OK
DEC_0048,True,OK
DEC_2117,True,OK
DEC_3474,True,OK
DEC_4301,True,OK
DEC_3011,True,OK
DEC_3535,True,OK
DEC_2844,True,OK
DEC_2468,True,OK
DEC_1198,True,OK
DEC_1457,True,OK
DEC_4402,True,OK
DEC_3420,True,OK
DEC_2663,True,OK
DEC_3392,True,OK
DEC_1246,True,OK
DEC_3389,True,OK
DEC_0229,True,OK
DEC_2562,True,OK
DEC_4761,True,OK
DEC_2738,True,OK
DEC_2453,False,Empty PDBQT
DEC_1287,True,OK
DEC_4475,False,Timeout
DEC_3102,True,OK
DEC_1824,True,OK
DEC_0207,True,OK
DEC_0533,True,OK
DEC_4214,True,OK
DEC_4154,True,OK
DEC_1580,True,OK
DEC_0491,True,OK
DEC_2860,True,OK
ACT_063,True,OK
DEC_1772,True,OK
DEC_3630,True,OK
DEC_2055,True,OK
DEC_0309,True,OK
DEC_1704,True,OK
DEC_3362,True,OK
DEC_3481,True,OK
DEC_4217,True,OK
DEC_3463,True,OK
DEC_4010,True,OK
DEC_2318,True,OK
DEC_4446,True,OK
DEC_0418,True,OK
DEC_0052,True,OK
DEC_1929,True,OK
DEC_0524,True,OK
DEC_2571,True,OK
DEC_3262,True,OK
DEC_3146,True,OK
DEC_2619,True,OK
DEC_1482,True,OK
DEC_1462,True,OK
DEC_3224,True,OK
DEC_3642,True,OK
DEC_2789,True,OK
DEC_1838,True,OK
DEC_2951,True,OK
DEC_4280,True,OK
DEC_0079,True,OK
DEC_1583,True,OK
DEC_3077,True,OK
DEC_3407,True,OK
DEC_0857,True,OK
DEC_1469,True,OK
DEC_2243,True,OK
DEC_0879,True,OK
DEC_2757,True,OK
DEC_4573,True,OK
DEC_4653,True,OK
DEC_1219,True,OK
DEC_3871,True,OK
DEC_1766,True,OK
DEC_1446,True,OK
DEC_4266,True,OK
DEC_3025,True,OK
DEC_2161,True,OK
DEC_1262,True,OK
DEC_1314,True,OK
DEC_1884,True,OK
DEC_2107,True,OK
DEC_1730,True,OK
DEC_0509,True,OK
DEC_3445,True,OK
DEC_4310,True,OK
DEC_2604,True,OK
DEC_2276,True,OK
DEC_3983,True,OK
DEC_3331,True,OK
DEC_4056,True,OK
DEC_4631,True,OK
DEC_1059,True,OK
ACT_011,True,OK
DEC_3261,True,OK
DEC_0995,True,OK
DEC_1980,True,OK
DEC_3127,True,OK
DEC_3727,True,OK
DEC_1293,True,OK
DEC_1600,True,OK
DEC_3400,False,Empty PDBQT
DEC_3136,True,OK
DEC_4060,True,OK
DEC_1032,True,OK
DEC_0186,True,OK
DEC_3996,True,OK
DEC_0460,True,OK
DEC_3502,True,OK
DEC_2957,True,OK
DEC_1982,True,OK
DEC_2356,True,OK
DEC_3676,True,OK
DEC_0681,True,OK
DEC_4341,True,OK
DEC_0493,True,OK
DEC_2158,True,OK
DEC_1771,True,OK
DEC_0899,True,OK
DEC_1835,True,OK
DEC_1877,True,OK
DEC_3320,True,OK
DEC_1602,True,OK
DEC_1020,True,OK
DEC_2790,True,OK
DEC_1985,True,OK
DEC_1096,True,OK
DEC_2836,True,OK
DEC_3721,True,OK
DEC_3912,True,OK
DEC_0531,True,OK
DEC_3309,True,OK
DEC_2554,True,OK
DEC_0382,True,OK
DEC_4190,True,OK
DEC_1791,True,OK
DEC_0365,True,OK
DEC_4289,True,OK
DEC_3347,True,OK
DEC_0821,True,OK
DEC_0282,True,OK
DEC_1572,True,OK
DEC_2163,True,OK
ACT_057,True,OK
DEC_2157,True,OK
DEC_1173,True,OK
DEC_0549,True,OK
DEC_2808,True,OK
DEC_0881,True,OK
DEC_4302,True,OK
DEC_2394,True,OK
DEC_2481,True,OK
DEC_4524,True,OK
DEC_0019,True,OK
DEC_0398,True,OK
DEC_1886,True,OK
DEC_2761,True,OK
DEC_3508,True,OK
DEC_1695,True,OK
DEC_1080,True,OK
DEC_3700,True,OK
DEC_0437,True,OK
DEC_4271,True,OK
DEC_0994,True,OK
DEC_0734,True,OK
DEC_0112,True,OK
DEC_4744,True,OK
DEC_1711,True,OK
DEC_2462,True,OK
DEC_4291,True,OK
DEC_2999,True,OK
DEC_2451,True,OK
DEC_1382,True,OK
DEC_4277,True,OK
DEC_0669,True,OK
DEC_4614,True,OK
DEC_1593,True,OK
DEC_1793,True,OK
DEC_2123,True,OK
DEC_3461,True,OK
DEC_2594,True,OK
DEC_4636,True,OK
DEC_3279,True,OK
DEC_2008,True,OK
DEC_3443,True,OK
DEC_1556,True,OK
DEC_3065,True,OK
DEC_3874,True,OK
DEC_4628,True,OK
DEC_1225,True,OK
DEC_0934,True,OK
DEC_1189,True,OK
DEC_0261,True,OK
DEC_1763,True,OK
DEC_0051,True,OK
DEC_4778,True,OK
DEC_3016,True,OK
DEC_3233,True,OK
DEC_1541,True,OK
DEC_3772,True,OK
DEC_2614,True,OK
DEC_1081,True,OK
DEC_1930,True,OK
DEC_2742,True,OK
DEC_1587,True,OK
DEC_1251,True,OK
DEC_3998,True,OK
DEC_3414,True,OK
DEC_0329,True,OK
DEC_2645,True,OK
DEC_1216,True,OK
DEC_1266,True,OK
DEC_1573,True,OK
DEC_4338,True,OK
DEC_1826,True,OK
DEC_0274,True,OK
DEC_4273,True,OK
DEC_1915,True,OK
DEC_3236,True,OK
DEC_2501,True,OK
DEC_4188,True,OK
DEC_2298,True,OK
DEC_0644,True,OK
DEC_1040,True,OK
DEC_3653,True,OK
DEC_1712,True,OK
DEC_2569,True,OK
DEC_2026,True,OK
DEC_1828,True,OK
DEC_0618,True,OK
DEC_2998,True,OK
DEC_3026,True,OK
DEC_0065,True,OK
DEC_4025,True,OK
DEC_1004,True,OK
DEC_3265,True,OK
DEC_4230,True,OK
DEC_3033,True,OK
ACT_085,True,OK
DEC_3795,True,OK
DEC_4654,True,OK
DEC_2257,True,OK
DEC_3425,True,OK
DEC_3325,True,OK
DEC_2662,True,OK
DEC_3840,True,OK
DEC_4189,True,OK
DEC_0275,True,OK
DEC_0006,True,OK
DEC_0926,True,OK
DEC_2373,True,OK
DEC_1221,True,OK
DEC_2909,True,OK
DEC_3440,True,OK
DEC_4419,True,OK
DEC_0559,True,OK
DEC_3487,True,OK
DEC_3946,True,OK
DEC_4000,True,OK
DEC_2131,True,OK
DEC_3198,True,OK
DEC_2392,True,OK
DEC_3740,True,OK
DEC_0919,True,OK
DEC_3498,True,OK
DEC_2265,True,OK
DEC_4730,True,OK
DEC_1260,True,OK
DEC_0389,True,OK
DEC_4712,True,OK
DEC_1066,True,OK
DEC_2077,True,OK
DEC_1121,True,OK
DEC_1742,True,OK
DEC_0841,True,OK
DEC_4297,True,OK
DEC_1521,True,OK
DEC_4039,True,OK
DEC_1813,True,OK
DEC_0484,True,OK
DEC_3620,True,OK
DEC_2217,True,OK
DEC_2261,True,OK
DEC_1797,True,OK
DEC_0168,True,OK
DEC_2286,True,OK
DEC_3750,True,OK
DEC_4048,True,OK
DEC_3247,True,OK
ACT_022,True,OK
DEC_1183,True,OK
DEC_0515,True,OK
DEC_1324,True,OK
DEC_1865,True,OK
DEC_1187,True,OK
DEC_0566,True,OK
DEC_2068,True,OK
DEC_4694,True,OK
DEC_1603,True,OK
DEC_0713,True,OK
DEC_0394,True,OK
DEC_2402,True,OK
DEC_3413,True,OK
DEC_2336,True,OK
DEC_3527,True,OK
DEC_3591,True,OK
DEC_4637,True,OK
DEC_1749,True,OK
DEC_3310,True,OK
DEC_0871,True,OK
DEC_1934,True,OK
DEC_0598,True,OK
DEC_4334,True,OK
DEC_1123,True,OK
DEC_1143,True,OK
DEC_0340,True,OK
DEC_0507,True,OK
DEC_3929,True,OK
DEC_3183,True,OK
DEC_0436,True,OK
DEC_0835,True,OK
DEC_3814,True,OK
DEC_1969,True,OK
DEC_0321,True,OK
DEC_1411,True,OK
DEC_2692,True,OK
DEC_3509,True,OK
DEC_3822,True,OK
DEC_3746,True,OK
DEC_2230,True,OK
DEC_0001,True,OK
DEC_0741,True,OK
DEC_3922,True,OK
DEC_4191,True,OK
DEC_2294,True,OK
DEC_0347,True,OK
DEC_0273,True,OK
DEC_2148,True,OK
DEC_0937,True,OK
DEC_0016,True,OK
DEC_2377,True,OK
DEC_4406,True,OK
DEC_2857,True,OK
DEC_1764,True,OK
DEC_2327,True,OK
DEC_1491,True,OK
DEC_0724,True,OK
DEC_2219,True,OK
DEC_2166,True,OK
DEC_3867,True,OK
DEC_1673,True,OK
DEC_4559,True,OK
DEC_1417,True,OK
DEC_0880,True,OK
DEC_4698,True,OK
DEC_1478,True,OK
DEC_0889,True,OK
DEC_1789,True,OK
DEC_4662,True,OK
DEC_2412,True,OK
DEC_2120,True,OK
DEC_3618,True,OK
DEC_2783,True,OK
DEC_2610,True,OK
DEC_3386,True,OK
DEC_2717,True,OK
DEC_4324,True,OK
DEC_2924,True,OK
DEC_2409,True,OK
DEC_1894,True,OK
DEC_4229,True,OK
DEC_1716,True,OK
DEC_2311,True,OK
DEC_0663,True,OK
DEC_0042,True,OK
DEC_3572,True,OK
DEC_3921,True,OK
DEC_3801,True,OK
DEC_1869,True,OK
DEC_4447,True,OK
DEC_4413,True,OK
DEC_1878,True,OK
DEC_4624,True,OK
DEC_1466,True,OK
ACT_084,True,OK
DEC_2164,True,OK
DEC_2191,True,OK
DEC_2689,True,OK
DEC_2017,True,OK
DEC_2807,True,OK
DEC_1638,True,OK
DEC_3895,True,OK
DEC_1390,True,OK
DEC_2563,True,OK
DEC_4303,True,OK
DEC_0136,True,OK
DEC_2656,True,OK
DEC_4532,True,OK
DEC_4287,True,OK
DEC_1898,True,OK
DEC_3593,True,OK
DEC_2185,True,OK
DEC_0610,True,OK
DEC_1912,True,OK
DEC_2541,True,OK
DEC_2099,True,OK
DEC_3469,True,OK
DEC_3709,True,OK
DEC_3861,True,OK
DEC_2113,True,OK
DEC_1343,True,OK
DEC_3468,True,OK
DEC_1154,True,OK
DEC_3667,True,OK
DEC_2868,True,OK
DEC_3452,True,OK
DEC_0765,True,OK
DEC_3916,True,OK
DEC_4248,True,OK
DEC_0004,True,OK
DEC_2696,True,OK
DEC_4477,True,OK
DEC_0465,True,OK
DEC_2936,True,OK
DEC_4680,True,OK
DEC_2745,True,OK
DEC_0237,True,OK
DEC_4603,True,OK
DEC_2371,True,OK
DEC_0735,True,OK
DEC_1890,True,OK
DEC_0523,True,OK
DEC_1525,True,OK
DEC_3150,True,OK
DEC_2975,True,OK
DEC_2456,True,OK
DEC_0111,True,OK
DEC_4400,True,OK
DEC_2449,True,OK
DEC_1242,True,OK
DEC_4659,True,OK
DEC_1275,True,OK
DEC_2922,True,OK
DEC_2000,True,OK
DEC_4544,True,OK
DEC_1686,True,OK
DEC_0838,True,OK
DEC_3780,True,OK
DEC_0935,True,OK
DEC_1855,True,OK
DEC_1149,True,OK
DEC_0067,True,OK
DEC_1534,True,OK
DEC_4710,True,OK
DEC_0155,True,OK
DEC_0230,True,OK
DEC_0463,True,OK
DEC_1737,True,OK
DEC_2767,False,Empty PDBQT
DEC_0327,True,OK
DEC_0059,True,OK
DEC_3753,True,OK
DEC_0571,True,OK
DEC_1967,True,OK
DEC_3354,True,OK
DEC_2180,True,OK
DEC_4215,True,OK
DEC_2665,True,OK
DEC_2578,True,OK
DEC_3625,True,OK
DEC_1634,True,OK
DEC_2582,True,OK
DEC_4339,True,OK
DEC_2032,True,OK
DEC_4292,True,OK
DEC_1389,True,OK
DEC_3683,True,OK
DEC_1012,True,OK
DEC_3412,True,OK
DEC_0588,True,OK
DEC_0123,True,OK
DEC_3128,True,OK
DEC_0121,True,OK
DEC_0946,True,OK
DEC_3729,True,OK
DEC_4616,True,OK
DEC_3213,True,OK
DEC_2654,True,OK
DEC_3086,True,OK
DEC_0138,True,OK
DEC_4538,True,OK
DEC_3471,True,OK
DEC_2136,True,OK
DEC_1698,True,OK
DEC_3900,True,OK
DEC_1707,True,OK
DEC_3333,True,OK
DEC_3095,True,OK
DEC_2347,True,OK
DEC_2782,True,OK
ACT_049,True,OK
DEC_3808,True,OK
DEC_3017,True,OK
DEC_0061,True,OK
DEC_3091,True,OK
DEC_3342,True,OK
DEC_1595,True,OK
DEC_0411,True,OK
DEC_3307,True,OK
DEC_3717,True,OK
DEC_2611,True,OK
DEC_3240,True,OK
DEC_3299,True,OK
DEC_0427,True,OK
DEC_1653,True,OK
DEC_1152,True,OK
DEC_3038,True,OK
DEC_1795,True,OK
DEC_1136,True,OK
DEC_4676,True,OK
DEC_0561,True,OK
DEC_2520,True,OK
DEC_2652,True,OK
DEC_2126,True,OK
DEC_1821,True,OK
DEC_2241,True,OK
DEC_0535,True,OK
DEC_3504,True,OK
DEC_2150,True,OK
DEC_1860,True,OK
DEC_3870,True,OK
DEC_4171,True,OK
DEC_2172,True,OK
DEC_1926,True,OK
DEC_2024,True,OK
DEC_3587,True,OK
DEC_3789,True,OK
DEC_1204,True,OK
DEC_3553,True,OK
DEC_3396,True,OK
DEC_4036,True,OK
DEC_3526,True,OK
DEC_2500,True,OK
DEC_4252,True,OK
DEC_3707,True,OK
DEC_0993,True,OK
DEC_3640,True,OK
DEC_0895,True,OK
DEC_1942,True,OK
DEC_0312,True,OK
DEC_3706,True,OK
DEC_4144,True,OK
DEC_1341,True,OK
DEC_1693,True,OK
DEC_3383,True,OK
DEC_0774,True,OK
ACT_046,True,OK
DEC_1109,True,OK
DEC_1899,True,OK
DEC_3174,True,OK
DEC_3950,True,OK
DEC_3046,True,OK
DEC_1493,True,OK
DEC_3296,True,OK
DEC_3631,True,OK
DEC_0497,True,OK
DEC_3793,True,OK
DEC_4709,True,OK
DEC_0279,True,OK
DEC_0101,True,OK
DEC_1108,True,OK
DEC_1532,True,OK
DEC_4601,True,OK
DEC_2443,True,OK
DEC_1825,True,OK
DEC_0666,True,OK
DEC_2646,True,OK
DEC_4123,True,OK
DEC_2225,True,OK
DEC_0595,True,OK
DEC_1291,True,OK
DEC_3777,True,OK
DEC_4088,True,OK
DEC_1651,True,OK
DEC_3523,True,OK
DEC_4435,True,OK
DEC_3710,True,OK
DEC_2540,True,OK
DEC_3422,True,OK
DEC_1622,True,OK
DEC_2251,True,OK
DEC_2390,True,OK
ACT_004,True,OK
DEC_3227,True,OK
DEC_2366,True,OK
DEC_1326,True,OK
DEC_3006,True,OK
DEC_3345,True,OK
DEC_1472,True,OK
DEC_0943,True,OK
DEC_2323,True,OK
DEC_3197,True,OK
DEC_2573,True,OK
DEC_3246,True,OK
DEC_2434,True,OK
DEC_4055,True,OK
DEC_2361,True,OK
DEC_0921,True,OK
DEC_2472,True,OK
DEC_2605,True,OK
DEC_0474,True,OK
DEC_3434,True,OK
DEC_2884,True,OK
DEC_1515,True,OK
DEC_4311,True,OK
DEC_4160,True,OK
ACT_014,True,OK
DEC_3473,True,OK
DEC_0264,True,OK
DEC_1987,True,OK
DEC_1458,True,OK
DEC_3056,True,OK
DEC_0848,True,OK
DEC_4090,True,OK
DEC_3475,True,OK
DEC_4516,True,OK
DEC_2732,True,OK
DEC_3460,True,OK
DEC_0789,True,OK
DEC_0214,True,OK
DEC_2075,True,OK
DEC_1363,True,OK
DEC_2040,True,OK
DEC_0845,True,OK
DEC_0127,True,OK
DEC_2613,True,OK
DEC_4737,True,OK
DEC_3175,True,OK
DEC_4074,True,OK
DEC_2777,True,OK
DEC_2187,True,OK
DEC_0469,True,OK
DEC_2183,True,OK
DEC_2590,True,OK
DEC_3165,True,OK
DEC_1483,True,OK
DEC_0094,True,OK
DEC_1727,True,OK
DEC_1765,True,OK
DEC_2401,True,OK
DEC_2765,True,OK
DEC_3671,True,OK
DEC_1535,True,OK
DEC_1723,True,OK
DEC_3756,True,OK
DEC_0218,True,OK
DEC_3034,True,OK
DEC_0786,True,OK
DEC_1205,True,OK
DEC_4657,True,OK
DEC_1933,True,OK
DEC_3273,True,OK
DEC_2622,True,OK
DEC_1370,True,OK
DEC_0104,True,OK
DEC_3278,True,OK
DEC_1351,True,OK
DEC_1232,True,OK
DEC_1840,True,OK
DEC_1167,True,OK
DEC_4539,True,OK
DEC_2798,True,OK
DEC_0743,True,OK
DEC_1945,True,OK
DEC_1621,True,OK
DEC_2832,True,OK
DEC_0227,True,OK
DEC_2888,True,OK
DEC_2426,True,OK
DEC_0243,True,OK
DEC_0945,True,OK
DEC_3421,True,OK
DEC_1114,True,OK
DEC_2925,True,OK
DEC_0196,True,OK
DEC_4370,True,OK
DEC_1122,True,OK
DEC_0517,True,OK
DEC_4632,True,OK
ACT_080,True,OK
DEC_3404,True,OK
DEC_4420,True,OK
DEC_3520,True,OK
DEC_4639,True,OK
DEC_2046,True,OK
DEC_0972,True,OK
DEC_2633,True,OK
ACT_030,True,OK
DEC_0262,True,OK
DEC_2167,True,OK
DEC_4569,True,OK
DEC_0657,True,OK
DEC_0317,True,OK
DEC_1958,True,OK
DEC_4634,True,OK
DEC_4041,True,OK
DEC_2063,True,OK
DEC_1568,True,OK
DEC_2709,True,OK
DEC_1626,True,OK
DEC_2209,True,OK
DEC_2132,True,OK
DEC_4749,True,OK
DEC_4661,True,OK
DEC_0777,True,OK
DEC_0846,True,OK
DEC_4740,True,OK
DEC_1001,True,OK
DEC_0749,True,OK
DEC_2353,True,OK
DEC_4444,True,OK
ACT_065,True,OK
DEC_4234,True,OK
DEC_2379,True,OK
DEC_4351,True,OK
DEC_3490,True,OK
DEC_1193,True,OK
DEC_2235,True,OK
DEC_2928,True,OK
DEC_1902,True,OK
DEC_0464,True,OK
DEC_2760,True,OK
DEC_0986,True,OK
DEC_4529,True,OK
DEC_4045,True,OK
DEC_1647,True,OK
DEC_4305,True,OK
DEC_0501,True,OK
DEC_0720,True,OK
DEC_3655,True,OK
ACT_077,True,OK
DEC_0495,True,OK
DEC_2491,True,OK
DEC_3646,True,OK
DEC_2358,True,OK
DEC_0973,True,OK
DEC_3143,True,OK
DEC_2076,True,OK
DEC_1856,True,OK
DEC_2474,True,OK
DEC_1574,True,OK
DEC_2037,True,OK
DEC_2492,True,OK
DEC_4183,False,Empty PDBQT
DEC_3335,True,OK
DEC_0572,True,OK
DEC_0226,True,OK
DEC_1917,True,OK
DEC_0883,False,Timeout
DEC_3208,True,OK
DEC_1827,True,OK
DEC_0457,True,OK
DEC_0462,True,OK
DEC_1423,False,Empty PDBQT
DEC_0557,True,OK
DEC_4061,True,OK
DEC_0366,True,OK
DEC_1190,True,OK
DEC_4251,True,OK
DEC_4020,True,OK
DEC_3806,True,OK
DEC_0311,True,OK
DEC_0369,True,OK
DEC_2470,True,OK
DEC_0400,True,OK
DEC_4342,True,OK
DEC_0380,True,OK
DEC_1684,True,OK
DEC_2331,True,OK
DEC_1456,True,OK
DEC_1169,True,OK
DEC_3887,True,OK
DEC_4453,True,OK
DEC_3366,True,OK
DEC_2237,True,OK
DEC_3628,True,OK
DEC_2073,True,OK
DEC_3099,True,OK
ACT_018,False,Empty PDBQT
DEC_3005,True,OK
DEC_1249,True,OK
DEC_0381,True,OK
DEC_3186,True,OK
DEC_1652,True,OK
DEC_3844,True,OK
DEC_3879,True,OK
DEC_3230,True,OK
DEC_1263,True,OK
DEC_1837,True,OK
DEC_0665,True,OK
DEC_0021,True,OK
DEC_4329,True,OK
DEC_0315,True,OK
DEC_0703,True,OK
DEC_4409,True,OK
DEC_3531,True,OK
DEC_0518,True,OK
DEC_1947,True,OK
DEC_3690,True,OK
DEC_4584,True,OK
DEC_1404,True,OK
DEC_4770,True,OK
DEC_1049,True,OK
DEC_3576,True,OK
DEC_4294,True,OK
DEC_1459,True,OK
DEC_1470,True,OK
DEC_1937,True,OK
DEC_0796,True,OK
DEC_2680,True,OK
DEC_3199,True,OK
DEC_0397,True,OK
DEC_0707,True,OK
DEC_0344,True,OK
DEC_3726,True,OK
DEC_3268,True,OK
DEC_3370,True,OK
DEC_2803,True,OK
DEC_3432,True,OK
DEC_0695,True,OK
DEC_0673,True,OK
DEC_1460,True,OK
DEC_3235,True,OK
DEC_3775,True,OK
DEC_1891,True,OK
DEC_3773,True,OK
DEC_4578,True,OK
DEC_0984,True,OK
DEC_4611,True,OK
DEC_1656,True,OK
DEC_3877,True,OK
DEC_2182,True,OK
DEC_1850,True,OK
DEC_4112,True,OK
DEC_0481,True,OK
DEC_2607,True,OK
DEC_0158,True,OK
DEC_0453,True,OK
DEC_1776,True,OK
DEC_0383,True,OK
DEC_0482,True,OK
ACT_059,True,OK
DEC_1705,True,OK
DEC_1786,True,OK
DEC_4438,True,OK
DEC_0073,True,OK
DEC_2670,True,OK
DEC_0425,True,OK
DEC_1741,True,OK
DEC_1931,True,OK
DEC_0892,True,OK
DEC_3599,True,OK
DEC_4140,True,OK
DEC_3489,True,OK
DEC_2960,True,OK
DEC_3169,True,OK
DEC_2454,True,OK
DEC_1548,True,OK
DEC_4318,True,OK
DEC_1636,True,OK
DEC_3367,True,OK
DEC_4223,True,OK
DEC_2072,True,OK
DEC_1253,True,OK
DEC_4404,True,OK
DEC_3794,True,OK
DEC_0952,True,OK
DEC_0931,True,OK
DEC_4264,True,OK
DEC_0467,True,OK
DEC_3882,True,OK
DEC_0602,True,OK
DEC_4734,True,OK
DEC_4548,True,OK
DEC_1874,True,OK
DEC_0375,True,OK
DEC_1862,True,OK
DEC_2420,True,OK
DEC_2874,True,OK
DEC_0817,True,OK
DEC_0060,True,OK
DEC_3903,True,OK
DEC_2556,True,OK
ACT_005,True,OK
DEC_4245,True,OK
DEC_4319,True,OK
DEC_1224,True,OK
DEC_2964,True,OK
DEC_4670,True,OK
DEC_1530,True,OK
DEC_4646,True,OK
DEC_2345,True,OK
DEC_0772,True,OK
DEC_4059,True,OK
DEC_1364,True,OK
DEC_4001,True,OK
DEC_2058,True,OK
ACT_027,True,OK
DEC_3617,True,OK
DEC_1196,True,OK
DEC_3462,True,OK
DEC_2305,True,OK
DEC_0814,True,OK
DEC_2687,True,OK
DEC_2086,True,OK
DEC_4299,True,OK
DEC_0839,True,OK
ACT_095,True,OK
DEC_4433,True,OK
DEC_1960,True,OK
DEC_4235,True,OK
DEC_3735,True,OK
DEC_3027,True,OK
DEC_3053,True,OK
DEC_0421,True,OK
DEC_3359,True,OK
DEC_1211,True,OK
DEC_1153,True,OK
DEC_0799,True,OK
DEC_0286,True,OK
DEC_0645,True,OK
DEC_3943,True,OK
DEC_4075,True,OK
DEC_1034,True,OK
DEC_1697,True,OK
DEC_2866,True,OK
DEC_3172,True,OK
DEC_3410,True,OK
DEC_2053,True,OK
DEC_4316,True,OK
DEC_4499,True,OK
DEC_1921,True,OK
DEC_4775,True,OK
DEC_2070,True,OK
DEC_1071,True,OK
DEC_3659,True,OK
DEC_3142,True,OK
DEC_3990,True,OK
DEC_1642,True,OK
DEC_2478,True,OK
DEC_4547,True,OK
DEC_1629,True,OK
DEC_0443,True,OK
DEC_2094,True,OK
DEC_3187,True,OK
DEC_2485,True,OK
DEC_0163,True,OK
DEC_1777,True,OK
DEC_0359,True,OK
DEC_2557,True,OK
DEC_1700,True,OK
DEC_4463,True,OK
DEC_2112,True,OK
DEC_3009,True,OK
DEC_3687,True,OK
DEC_1239,True,OK
DEC_1906,True,OK
DEC_4276,True,OK
DEC_1302,True,OK
DEC_0485,True,OK
DEC_2088,True,OK
DEC_1617,True,OK
DEC_2811,True,OK
DEC_2933,True,OK
DEC_1233,True,OK
DEC_2889,True,OK
DEC_3615,True,OK
DEC_2178,True,OK
DEC_3014,True,OK
DEC_0728,False,Timeout
DEC_1808,True,OK
DEC_0554,True,OK
DEC_2271,True,OK
DEC_1767,True,OK
DEC_0276,True,OK
DEC_0470,True,OK
DEC_1476,True,OK
DEC_4630,True,OK
DEC_2863,True,OK
DEC_2302,True,OK
DEC_4423,True,OK
DEC_0546,True,OK
DEC_3001,True,OK
DEC_0923,True,OK
DEC_4293,True,OK
DEC_3664,True,OK
DEC_0256,True,OK
DEC_2067,True,OK
DEC_2718,True,OK
DEC_2841,True,OK
DEC_0693,True,OK
DEC_3013,True,OK
DEC_0660,True,OK
DEC_0738,True,OK
DEC_2658,True,OK
DEC_1664,True,OK
DEC_1174,True,OK
DEC_2177,True,OK
DEC_2688,True,OK
DEC_3363,True,OK
DEC_1208,True,OK
ACT_054,False,Empty PDBQT
DEC_2179,True,OK
DEC_4728,True,OK
DEC_3580,True,OK
DEC_1706,True,OK
DEC_3337,True,OK
DEC_4365,True,OK
DEC_1529,True,OK
DEC_4498,True,OK
DEC_0118,True,OK
DEC_4040,True,OK
DEC_1806,True,OK
DEC_1692,True,OK
DEC_0668,True,OK
DEC_0145,True,OK
DEC_0161,True,OK
DEC_3357,True,OK
DEC_4738,True,OK
DEC_0613,True,OK
DEC_4368,True,OK
DEC_0740,True,OK
DEC_1044,True,OK
DEC_1729,True,OK
DEC_1907,True,OK
DEC_2154,True,OK
DEC_0105,False,Timeout
DEC_0813,True,OK
